date,F,B,lnF,lnB,dlnF,dlnB,t,DTE,is_expiry,splice,dlnF_adj,rf,stt_F
2023-05-02,18202.0,198.2,9.8092867571373,5.289276621895888,,,0,23,False,False,,0.065,0.000125
2023-05-03,18147.3,197.58,9.806277068296502,5.286143565616328,-0.003009688840798219,-0.0031330562795597316,1,22,False,False,-0.003009688840798219,0.065,0.000125
2023-05-04,18287.0,199.36,9.813945703874634,5.295112235599088,0.007668635578131244,0.008968669982760247,2,21,False,False,0.007668635578131244,0.065,0.000125
2023-05-05,18130.1,197.89,9.805328819453486,5.287711320760812,-0.00861688442114783,-0.007400914838275874,3,20,False,False,-0.00861688442114783,0.065,0.000125
2023-05-08,18317.5,199.9,9.81561216603412,5.297817241506355,0.01028334658063379,0.010105920745542285,4,17,False,False,0.01028334658063379,0.065,0.000125
2023-05-09,18303.8,199.75,9.814863967546403,5.297066584646384,-0.0007481984877166781,-0.0007506568599708885,5,16,False,False,-0.0007481984877166781,0.065,0.000125
2023-05-10,18343.0,200.21,9.817003309314352,5.299366815683608,0.0021393417679487214,0.0023002310372239876,6,15,False,False,0.0021393417679487214,0.065,0.000125
2023-05-11,18359.0,200.4,9.817875196460205,5.3003153692107094,0.0008718871458537336,0.0009485535271016587,7,14,False,False,0.0008718871458537336,0.065,0.000125
2023-05-12,18334.0,200.1,9.816512538521721,5.2988172415896875,-0.0013626579384844462,-0.0014981276210219718,8,13,False,False,-0.0013626579384844462,0.065,0.000125
2023-05-15,18408.0,201.38,9.820540631715202,5.305193670487469,0.004028093193481297,0.006376428897781672,9,10,False,False,0.004028093193481297,0.065,0.000125
2023-05-16,18326.1,200.5,9.816081552238415,5.300814246746624,-0.004459079476786698,-0.004379423740845212,10,9,False,False,-0.004459079476786698,0.065,0.000125
2023-05-17,18231.95,199.9,9.81093082849087,5.297817241506355,-0.005150723747545882,-0.002997005240269246,11,8,False,False,-0.005150723747545882,0.065,0.000125
2023-05-18,18180.0,199.19,9.80807736773147,5.294259143087182,-0.0028534607594004058,-0.0035580984191723175,12,7,False,False,-0.0028534607594004058,0.065,0.000125
2023-05-19,18231.0,199.65,9.810878720803466,5.296565833509231,0.0028013530719963597,0.002306690422048341,13,6,False,False,0.0028013530719963597,0.065,0.000125
2023-05-22,18324.9,200.7,9.816016069714042,5.301811255802292,0.005137348910576378,0.0052454222930613525,14,3,False,False,0.005137348910576378,0.065,0.000125
2023-05-23,18358.1,200.9,9.817826172980672,5.302807271820889,0.0018101032666297812,0.0009960160185968903,15,2,False,False,0.0018101032666297812,0.065,0.000125
2023-05-24,18301.0,200.49,9.814710982145282,5.3007643701910885,-0.0031151908353894697,-0.0020429016298004754,16,1,False,False,-0.0031151908353894697,0.065,0.000125
2023-05-25,18324.9,200.94,9.816016069714042,5.303006356034168,0.0013050875687596886,0.0022419858430797746,17,0,True,False,0.0013050875687596886,0.065,0.000125
2023-05-26,18570.2,203.1,9.82931342434799,5.313698468586339,0.013297354633948544,0.01069211255217084,18,33,False,True,0.010432654370450078,0.065,0.000125
2023-05-29,18675.0,204.1,9.834941010001018,5.318610069815799,0.005627585653027012,0.004911601229459883,19,30,False,False,0.005627585653027012,0.065,0.000125
2023-05-30,18720.0,204.55,9.837347750031583,5.320812444375408,0.002406740030565402,0.0022023745596086997,20,29,False,False,0.002406740030565402,0.065,0.000125
2023-05-31,18624.95,203.6,9.832257358680398,5.316157284676367,-0.005090391351185275,-0.00465515969904029,21,28,False,False,-0.005090391351185275,0.065,0.000125
2023-06-01,18573.95,203.08,9.829515340397368,5.313599990079194,-0.002742018283029779,-0.002557294597173687,22,27,False,False,-0.002742018283029779,0.065,0.000125
2023-06-02,18631.6,203.6,9.832614342892336,5.316157284676367,0.003099002494968417,0.002557294597173687,23,26,False,False,0.003099002494968417,0.065,0.000125
2023-06-05,18703.0,204.3,9.836439217783001,5.319589501823576,0.0038248748906646313,0.0034322171472087604,24,23,False,False,0.0038248748906646313,0.065,0.000125
2023-06-06,18683.0,204.19,9.835369298459838,5.319050932934943,-0.0010699193231626936,-0.0005385688886327955,25,22,False,False,-0.0010699193231626936,0.065,0.000125
2023-06-07,18800.0,205.3,9.84161214881804,5.324472324024888,0.006242850358201935,0.0054213910899445494,26,21,False,False,0.006242850358201935,0.065,0.000125
2023-06-08,18722.0,204.6,9.83745458193169,5.321056853517526,-0.004157566886350494,-0.003415470507361462,27,20,False,False,-0.004157566886350494,0.065,0.000125
2023-06-09,18630.0,203.99,9.832528463595635,5.318070973034873,-0.004926118336054941,-0.002985880482653691,28,19,False,False,-0.004926118336054941,0.065,0.000125
2023-06-12,18690.4,204.55,9.835765302039748,5.320812444375408,0.003236838444113488,0.002741471340534929,29,16,False,False,0.003236838444113488,0.065,0.000125
2023-06-13,18775.9,205.52,9.840329411568657,5.3255433528016285,0.004564109528908844,0.0047309084262208145,30,15,False,False,0.004564109528908844,0.065,0.000125
2023-06-14,18808.3,205.79,9.842053540751989,5.326856231354458,0.0017241291833318684,0.0013128785528291331,31,14,False,False,0.0017241291833318684,0.065,0.000125
2023-06-15,18739.0,205.3,9.838362192575666,5.324472324024888,-0.003691348176323217,-0.0023839073295697233,32,13,False,False,-0.003691348176323217,0.065,0.000125
2023-06-16,18895.0,206.69,9.84665261578359,5.331220086223745,0.008290423207924391,0.006747762198856755,33,12,False,False,0.008290423207924391,0.065,0.000125
2023-06-19,18842.0,205.9,9.843843699608612,5.327390614033744,-0.0028089161749775826,-0.0038294721900005158,34,9,False,False,-0.0028089161749775826,0.065,0.000125
2023-06-20,18879.0,206.7,9.845805472195043,5.331268466687723,0.001961772586430044,0.003877852653978664,35,8,False,False,0.001961772586430044,0.065,0.000125
2023-06-21,18895.05,207.01,9.846655261982788,5.332767101277263,0.0008497897877450811,0.0014986345895398046,36,7,False,False,0.0008497897877450811,0.065,0.000125
2023-06-22,18834.55,206.3,9.843448228149729,5.329331420077207,-0.003207033833058759,-0.0034356812000559955,37,6,False,False,-0.003207033833058759,0.065,0.000125
2023-06-23,18702.0,205.07,9.836385748995392,5.323351384267679,-0.007062479154336998,-0.005980035809527884,38,5,False,False,-0.007062479154336998,0.065,0.000125
2023-06-26,18717.65,205.31,9.837222207963473,5.324521032044673,0.0008364589680809331,0.0011696477769946867,39,2,False,False,0.0008364589680809331,0.065,0.000125
2023-06-27,18815.0,206.36,9.842409703027538,5.329622216376449,0.005187495064065573,0.005101184331775421,40,1,False,False,0.005187495064065573,0.065,0.000125
2023-06-28,18972.05,208.35,9.850722122456787,5.339219357868463,0.008312419429248763,0.00959714149201396,41,0,True,False,0.008312419429248763,0.065,0.000125
2023-06-30,19267.0,210.66,9.86614906688076,5.350245459408396,0.01542694442397341,0.011026101539933109,42,27,False,True,0.010766643358212346,0.065,0.000125
2023-07-03,19414.0,212.12,9.873749734272172,5.357152152268929,0.00760066739141152,0.006906692860533248,43,24,False,False,0.00760066739141152,0.065,0.000125
2023-07-04,19459.1,213.08,9.876070105955177,5.3616676820487985,0.0023203716830053622,0.004515529779869354,44,23,False,False,0.0023203716830053622,0.065,0.000125
2023-07-05,19478.1,213.02,9.877046036505297,5.36138605801502,0.0009759305501191307,-0.0002816240337786269,45,22,False,False,0.0009759305501191307,0.065,0.000125
2023-07-06,19538.0,213.9,9.880116566212887,5.36550861608836,0.003070529707590808,0.004122558073340166,46,21,False,False,0.003070529707590808,0.065,0.000125
2023-07-07,19392.0,212.95,9.87261588886904,5.3610573963692225,-0.007500677343847073,-0.0044512197191375336,47,20,False,False,-0.007500677343847073,0.065,0.000125
2023-07-10,19426.0,212.72,9.874367653962276,5.359976746934764,0.0017517650932354911,-0.0010806494344581807,48,17,False,False,0.0017517650932354911,0.065,0.000125
2023-07-11,19516.0,213.64,9.878989920935728,5.364292355471569,0.004622266973452582,0.004315608536805016,49,16,False,False,0.004622266973452582,0.065,0.000125
2023-07-12,19458.45,213.35,9.876036702002459,5.362934009634009,-0.002953218933269497,-0.0013583458375601154,50,15,False,False,-0.002953218933269497,0.065,0.000125
2023-07-13,19498.35,213.75,9.87808512558714,5.36480710781687,0.002048423584680492,0.001873098182860744,51,14,False,False,0.002048423584680492,0.065,0.000125
2023-07-14,19624.0,215.1,9.884508585938326,5.371103036273684,0.00642346035118635,0.006295928456814259,52,13,False,False,0.00642346035118635,0.065,0.000125
2023-07-17,19729.7,216.6,9.889880393629898,5.37805233456689,0.005371807691572528,0.006949298293205786,53,10,False,False,0.005371807691572528,0.065,0.000125
2023-07-18,19772.15,217.05,9.892029660884013,5.380127741745603,0.002149267254115017,0.002075407178712574,54,9,False,False,0.002149267254115017,0.065,0.000125
2023-07-19,19869.05,218.05,9.896918523632886,5.384724394288775,0.004888862748872569,0.004596652543172652,55,8,False,False,0.004888862748872569,0.065,0.000125
2023-07-20,19967.1,219.01,9.90184119803799,5.389117390874476,0.004922674405104743,0.0043929965857003594,56,7,False,False,0.004922674405104743,0.065,0.000125
2023-07-21,19806.55,217.7,9.893767970058505,5.3831179682405015,-0.008073227979485509,-0.0059994226339741275,57,6,False,False,-0.008073227979485509,0.065,0.000125
2023-07-24,19682.1,216.71,9.887464872230497,5.3785600542242396,-0.006303097828007864,-0.0045579140162619325,58,3,False,False,-0.006303097828007864,0.065,0.000125
2023-07-25,19695.0,216.74,9.888120075405006,5.378698478494849,0.0006552031745084008,0.00013842427060950513,59,2,False,False,0.0006552031745084008,0.065,0.000125
2023-07-26,19772.0,217.8,9.89202207442685,5.38357721049886,0.0039019990218438494,0.0048787320040108995,60,1,False,False,0.0039019990218438494,0.065,0.000125
2023-07-27,19658.2,217.02,9.886249833049792,5.379989515192062,-0.005772241377057341,-0.0035876953067983663,61,0,True,False,-0.005772241377057341,0.065,0.000125
2023-07-28,19733.3,216.35,9.890062843013371,5.3768974666708935,0.0038130099635793613,-0.003092048521168067,62,34,False,True,-0.0033515067028888294,0.065,0.000125
2023-07-31,19836.45,217.55,9.89527643337711,5.382428709166689,0.005213590363737808,0.0055312424957953965,63,31,False,False,0.005213590363737808,0.065,0.000125
2023-08-01,19812.95,217.3,9.894091043295456,5.381278887262384,-0.0011853900816536367,-0.0011498219043053481,64,30,False,False,-0.0011853900816536367,0.065,0.000125
2023-08-02,19586.25,215.2,9.882583068418619,5.371567828287629,-0.011507974876836968,-0.009711058974754216,65,29,False,False,-0.011507974876836968,0.065,0.000125
2023-08-03,19469.0,213.7,9.87657873597891,5.364573162325102,-0.0060043324397085485,-0.006994665962527513,66,28,False,False,-0.0060043324397085485,0.065,0.000125
2023-08-04,19573.2,215.07,9.881916562607985,5.370963556532891,0.005337826629075337,0.006390394207788752,67,27,False,False,0.005337826629075337,0.065,0.000125
2023-08-07,19664.0,215.97,9.886544831805816,5.375139509149321,0.004628269197830548,0.004175952616430223,68,24,False,False,0.004628269197830548,0.065,0.000125
2023-08-08,19607.0,215.85,9.883641924315421,5.3745837220014865,-0.0029029074903945684,-0.0005557871478343301,69,23,False,False,-0.0029029074903945684,0.065,0.000125
2023-08-09,19693.3,216.5,9.888033755355599,5.377590547442544,0.004391831040177152,0.003006825441057792,70,22,False,False,0.004391831040177152,0.065,0.000125
2023-08-10,19601.1,215.44,9.883340966092783,5.372682448503343,-0.004692789262815467,-0.004908098939201189,71,21,False,False,-0.004692789262815467,0.065,0.000125
2023-08-11,19501.9,214.5,9.878267175702705,5.368309738368072,-0.005073790390078159,-0.004372710135271518,72,20,False,False,-0.005073790390078159,0.065,0.000125
2023-08-14,19471.15,214.45,9.87668916185052,5.3680766109628895,-0.001578013852185478,-0.00023312740518210973,73,17,False,False,-0.001578013852185478,0.065,0.000125
2023-08-16,19466.0,214.58,9.876424632986438,5.3686826292086005,-0.00026452886408101506,0.0006060182457110486,74,15,False,False,-0.00026452886408101506,0.065,0.000125
2023-08-17,19386.35,213.6,9.872324489155542,5.36410510708604,-0.004100143830896741,-0.004577522122560573,75,14,False,False,-0.004100143830896741,0.065,0.000125
2023-08-18,19316.0,212.9,9.868689046993433,5.360822571899434,-0.0036354421621087596,-0.003282535186605706,76,13,False,False,-0.0036354421621087596,0.065,0.000125
2023-08-21,19400.3,213.27,9.87304380884938,5.362558968609502,0.004354761855946521,0.0017363967100676447,77,10,False,False,0.004354761855946521,0.065,0.000125
2023-08-22,19381.0,213.48,9.872048483700748,5.363543151465744,-0.0009953251486312098,0.0009841828562420218,78,9,False,False,-0.0009953251486312098,0.065,0.000125
2023-08-23,19433.0,214.27,9.874727930864703,5.3672369020126345,0.002679447163954407,0.003693750546890584,79,8,False,False,0.002679447163954407,0.065,0.000125
2023-08-24,19392.15,213.64,9.87262362398764,5.364292355471569,-0.002104306877063422,-0.0029445465410651295,80,7,False,False,-0.002104306877063422,0.065,0.000125
2023-08-25,19223.8,213.49,9.863904373700096,5.363589993164233,-0.008719250287542835,-0.000702362307336557,81,6,False,False,-0.008719250287542835,0.065,0.000125
2023-08-28,19314.0,212.76,9.868585500526864,5.360164769874117,0.004681126826767468,-0.003425223290116186,82,3,False,False,0.004681126826767468,0.065,0.000125
2023-08-29,19345.75,213.36,9.870228036091023,5.362980879873759,0.0016425355641587203,0.0028161099996424355,83,2,False,False,0.0016425355641587203,0.065,0.000125
2023-08-30,19340.0,213.75,9.869930769007285,5.36480710781687,-0.0002972670837380065,0.0018262279431109363,84,1,False,False,-0.0002972670837380065,0.065,0.000125
2023-08-31,19254.0,213.2,9.865474110337912,5.362230692291689,-0.004456658669372615,-0.002576415525180842,85,0,True,False,-0.004456658669372615,0.065,0.000125
2023-09-01,19520.1,214.4,9.879199982904781,5.367843429196647,0.013725872566869413,0.005612736904957671,86,27,False,True,0.005353278723236909,0.065,0.000125
2023-09-04,19614.35,215.7,9.884016720189916,5.373888553395111,0.004816737285134209,0.006045124198464258,87,24,False,False,0.004816737285134209,0.065,0.000125
2023-09-05,19650.3,216.0,9.885847884356437,5.375278407684165,0.001831164166521404,0.0013898542890542487,88,23,False,False,0.001831164166521404,0.065,0.000125
2023-09-06,19665.0,216.3,9.88659568486591,5.376666332959013,0.0007478005094725404,0.0013879252748481008,89,22,False,False,0.0007478005094725404,0.065,0.000125
2023-09-07,19767.05,217.44,9.891771689047037,5.381922950402833,0.00517600418112707,0.005256617443819778,90,21,False,False,0.00517600418112707,0.065,0.000125
2023-09-08,19874.0,218.48,9.897167623791308,5.38669447716545,0.005395934744271358,0.004771526762616496,91,20,False,False,0.005395934744271358,0.065,0.000125
2023-09-11,20049.5,220.4,9.905959494767906,5.39544407727876,0.008791870976597949,0.008749600113310052,92,17,False,False,0.008791870976597949,0.065,0.000125
2023-09-12,20037.3,220.05,9.905350815582905,5.3938547932571,-0.0006086791850012929,-0.0015892840216595872,93,16,False,False,-0.0006086791850012929,0.065,0.000125
2023-09-13,20130.95,221.49,9.910013710764186,5.400377441739184,0.004662895181281712,0.006522648482083504,94,15,False,False,0.004662895181281712,0.065,0.000125
2023-09-14,20186.6,221.53,9.912774296927859,5.400558020494584,0.002760586163672585,0.00018057875540034019,95,14,False,False,0.002760586163672585,0.065,0.000125
2023-09-15,20242.8,222.37,9.915554453754266,5.4043426611913405,0.0027801568264074206,0.003784640696756547,96,13,False,False,0.0027801568264074206,0.065,0.000125
2023-09-18,20170.0,221.88,9.911951630948257,5.402136695187034,-0.0036028228060089873,-0.002205966004306781,97,10,False,False,-0.0036028228060089873,0.065,0.000125
2023-09-20,19970.3,219.77,9.902001448830825,5.392581544938119,-0.00995018211743215,-0.009555150248914401,98,8,False,False,-0.00995018211743215,0.065,0.000125
2023-09-21,19766.05,217.6,9.891721098529207,5.382658514981787,-0.010280350301618668,-0.009923029956332208,99,7,False,False,-0.010280350301618668,0.065,0.000125
2023-09-22,19710.7,217.0,9.888916914483147,5.37989735354046,-0.0028041840460595324,-0.002761161441327431,100,6,False,False,-0.0028041840460595324,0.065,0.000125
2023-09-25,19700.0,216.85,9.88837391472608,5.379205870281376,-0.0005429997570676193,-0.0006914832590840803,101,3,False,False,-0.0005429997570676193,0.065,0.000125
2023-09-26,19666.0,216.69,9.886646535340102,5.3784677607308655,-0.0017273793859775566,-0.0007381095505101243,102,2,False,False,-0.0017273793859775566,0.065,0.000125
2023-09-27,19723.95,217.6,9.889588912358041,5.382658514981787,0.0029423770179395348,0.0041907542509216356,103,1,False,False,0.0029423770179395348,0.065,0.000125
2023-09-28,19525.0,216.14,9.879450974707886,5.37592634587502,-0.010137937650155138,-0.006732169106767216,104,0,True,False,-0.010137937650155138,0.065,0.000125
2023-09-29,19714.0,217.4,9.889084322225385,5.381738974687109,0.009633347517498336,0.0058126288120892156,105,27,False,True,0.005553170630368453,0.065,0.000125
2023-10-03,19562.0,215.65,9.881344187850438,5.373656723093852,-0.0077401343749468055,-0.008082251593257261,106,23,False,False,-0.0077401343749468055,0.065,0.000125
2023-10-04,19478.1,214.5,9.877046036505297,5.368309738368072,-0.004298151345141221,-0.005346984725780324,107,22,False,False,-0.004298151345141221,0.065,0.000125
2023-10-05,19565.0,215.45,9.881497534644513,5.372728864061847,0.004451498139216525,0.004419125693775783,108,21,False,False,0.004451498139216525,0.065,0.000125
2023-10-06,19686.7,217.0,9.887698559821732,5.37989735354046,0.0062010251772193214,0.007168489478612372,109,20,False,False,0.0062010251772193214,0.065,0.000125
2023-10-09,19525.05,215.45,9.87945353552407,5.372728864061847,-0.00824502429766305,-0.007168489478612372,110,17,False,False,-0.00824502429766305,0.065,0.000125
2023-10-10,19745.3,217.3,9.890670767325256,5.381278887262384,0.0112172318011865,0.008550023200536216,111,16,False,False,0.0112172318011865,0.065,0.000125
2023-10-11,19849.35,218.65,9.895926539987249,5.3874722778589295,0.005255772661993063,0.006193390596545889,112,15,False,False,0.005255772661993063,0.065,0.000125
2023-10-12,19845.0,218.5,9.895707365217167,5.3867860145356445,-0.0002191747700823754,-0.0006862633232849191,113,14,False,False,-0.0002191747700823754,0.065,0.000125
2023-10-13,19731.7,218.0,9.88998175850807,5.384495062789089,-0.005725606709097164,-0.0022909517465556917,114,13,False,False,-0.005725606709097164,0.065,0.000125
2023-10-16,19732.85,217.98,9.89004003866078,5.3844033154611655,5.828015271092113e-05,-9.174732792338602e-05,115,10,False,False,5.828015271092113e-05,0.065,0.000125
2023-10-17,19806.35,218.65,9.893757872337813,5.3874722778589295,0.0037178336770331555,0.003068962397763997,116,9,False,False,0.0037178336770331555,0.065,0.000125
2023-10-18,19666.05,217.1,9.886649077795935,5.380358076884246,-0.007108794541878183,-0.0071142009746836266,117,8,False,False,-0.007108794541878183,0.065,0.000125
2023-10-19,19620.8,216.65,9.884345507007762,5.378283148185918,-0.002303570788173559,-0.002074928698327483,118,7,False,False,-0.002303570788173559,0.065,0.000125
2023-10-20,19523.3,216.01,9.879363903055545,5.375324702908821,-0.0049816039522170286,-0.0029584452770974323,119,6,False,False,-0.0049816039522170286,0.065,0.000125
2023-10-23,19262.9,213.9,9.865936245149301,5.36550861608836,-0.01342765790624334,-0.009816086820460868,120,3,False,False,-0.01342765790624334,0.065,0.000125
2023-10-25,19129.8,211.73,9.859002607596583,5.355311878067845,-0.0069336375527182526,-0.010196738020515461,121,1,False,False,-0.0069336375527182526,0.065,0.000125
2023-10-26,18859.0,208.8,9.844745532512365,5.341376856008484,-0.014257075084218584,-0.013935022059360591,122,0,True,False,-0.014257075084218584,0.065,0.000125
2023-10-27,19146.0,210.79,9.859849095506299,5.350862377211803,0.015103562993934005,0.009485521203319358,123,34,False,True,0.009226063021598596,0.065,0.000125
2023-10-30,19234.0,211.8,9.864434825272427,5.355642433167306,0.004585729766128921,0.004780055955502682,124,31,False,False,0.004585729766128921,0.065,0.000125
2023-10-31,19165.0,211.1,9.860840977814656,5.352331954854275,-0.003593847457771915,-0.0033104783130308846,125,30,False,False,-0.003593847457771915,0.065,0.000125
2023-11-01,19055.0,210.05,9.855084813307961,5.347345597615391,-0.005756164506694361,-0.004986357238884409,126,29,False,False,-0.005756164506694361,0.065,0.000125
2023-11-02,19248.2,211.99,9.865172828850419,5.356539103748161,0.01008801554245764,0.009193506132770146,127,28,False,False,0.01008801554245764,0.065,0.000125
2023-11-03,19300.0,212.65,9.867860374892977,5.359647621699643,0.0026875460425586084,0.003108517951481815,128,27,False,False,0.0026875460425586084,0.065,0.000125
2023-11-06,19484.0,214.6,9.877348894926433,5.368775830196598,0.009488520033455572,0.009128208496955281,129,24,False,False,0.009488520033455572,0.065,0.000125
2023-11-07,19482.0,214.6,9.877246241330901,5.368775830196598,-0.00010265359553152109,0.0,130,23,False,False,-0.00010265359553152109,0.065,0.000125
2023-11-08,19487.0,214.9,9.877502855564135,5.370172803648464,0.0002566142332334209,0.0013969734518664012,131,22,False,False,0.0002566142332334209,0.065,0.000125
2023-11-09,19479.95,214.34,9.87714101045812,5.367563539284851,-0.0003618451060152239,-0.002609264363613306,132,21,False,False,-0.0003618451060152239,0.065,0.000125
2023-11-10,19500.3,214.6,9.87818512904888,5.368775830196598,0.0010441185907605899,0.001212290911746905,133,20,False,False,0.0010441185907605899,0.065,0.000125
2023-11-13,19488.0,214.49,9.877554170509624,5.3682631172347035,-0.000630958539256099,-0.0005127129618944792,134,17,False,False,-0.000630958539256099,0.065,0.000125
2023-11-15,19723.1,217.05,9.889545816613232,5.380127741745603,0.011991646103608034,0.011864624510899091,135,15,False,False,0.011991646103608034,0.065,0.000125
2023-11-16,19831.0,218.39,9.89500164888583,5.386282455276681,0.00545583227259705,0.006154713531078215,136,14,False,False,0.00545583227259705,0.065,0.000125
2023-11-17,19798.0,218.0,9.893336201479753,5.384495062789089,-0.0016654474060757707,-0.0017873924875919656,137,13,False,False,-0.0016654474060757707,0.065,0.000125
2023-11-20,19751.5,217.35,9.89098471681235,5.381508957434801,-0.00235148466740398,-0.0029861053542878935,138,10,False,False,-0.00235148466740398,0.065,0.000125
2023-11-21,19842.0,218.3,9.895556182209848,5.385870263555899,0.004571465397498642,0.004361306121097641,139,9,False,False,0.004571465397498642,0.065,0.000125
2023-11-22,19890.0,218.6,9.897972371848018,5.387243575742438,0.002416189638170252,0.001373312186539799,140,8,False,False,0.002416189638170252,0.065,0.000125
2023-11-23,19875.5,218.6,9.8972430964388,5.387243575742438,-0.0007292754092187437,0.0,141,7,False,False,-0.0007292754092187437,0.065,0.000125
2023-11-24,19827.7,218.65,9.89483522890698,5.3874722778589295,-0.002407867531820429,0.0002287021164910641,142,6,False,False,-0.002407867531820429,0.065,0.000125
2023-11-28,19953.0,219.79,9.90113478695253,5.392672545029182,0.006299558045551379,0.0052002671702524594,143,2,False,False,0.006299558045551379,0.065,0.000125
2023-11-29,20140.3,221.83,9.910478061891503,5.401911322758143,0.009343274938972357,0.00923877772896109,144,1,False,False,0.009343274938972357,0.065,0.000125
2023-11-30,20134.0,222.23,9.910165207289369,5.4037128815933775,-0.0003128546021340384,0.0018015588352344736,145,0,True,False,-0.0003128546021340384,0.065,0.000125
2023-12-01,20360.0,223.51,9.921327470664458,5.409456155782004,0.01116226337508941,0.005743274188626302,146,27,False,True,0.005483816006905539,0.065,0.000125
2023-12-04,20804.0,228.0,9.942900554892963,5.429345628954441,0.021573084228505124,0.019889473172437278,147,24,False,False,0.021573084228505124,0.065,0.000125
2023-12-05,20953.0,230.16,9.950037113189108,5.438774719243292,0.007136558296144457,0.009429090288850972,148,23,False,False,0.007136558296144457,0.065,0.000125
2023-12-06,21042.0,231.0,9.954275719368233,5.442417710521793,0.004238606179125526,0.0036429912785012064,149,22,False,False,0.004238606179125526,0.065,0.000125
2023-12-07,21033.85,230.89,9.953888323743335,5.441941406630912,-0.0003873956248980903,-0.0004763038908812689,150,21,False,False,-0.0003873956248980903,0.065,0.000125
2023-12-08,21093.85,231.45,9.956736807784443,5.444363867477279,0.002848484041107824,0.0024224608463674357,151,20,False,False,0.002848484041107824,0.065,0.000125
2023-12-11,21077.3,231.65,9.955951910960447,5.4452276118626575,-0.0007848968239958509,0.0008637443853780624,152,17,False,False,-0.0007848968239958509,0.065,0.000125
2023-12-12,21008.1,231.06,9.952663356622642,5.442677417054872,-0.003288554337805394,-0.0025501948077852887,153,16,False,False,-0.003288554337805394,0.065,0.000125
2023-12-13,21035.45,231.16,9.953964388712365,5.4431101114495775,0.0013010320897226535,0.0004326943947052797,154,15,False,False,0.0013010320897226535,0.065,0.000125
2023-12-14,21353.0,234.04,9.968947524007914,5.455492040920035,0.014983135295549843,0.012381929470457465,155,14,False,False,0.014983135295549843,0.065,0.000125
2023-12-15,21558.2,236.33,9.97851153359699,5.465229133392195,0.00956400958907544,0.009737092472160036,156,13,False,False,0.00956400958907544,0.065,0.000125
2023-12-18,21462.05,236.56,9.974041538183362,5.466201875544222,-0.004469995413627359,0.0009727421520269175,157,10,False,False,-0.004469995413627359,0.065,0.000125
2023-12-19,21529.2,236.79,9.977165432213338,5.46717367238842,0.0031238940299758156,0.0009717968441984581,158,9,False,False,0.0031238940299758156,0.065,0.000125
2023-12-20,21169.5,233.34,9.96031674552217,5.452496617395711,-0.016848686691167458,-0.01467705499270977,159,8,False,False,-0.016848686691167458,0.065,0.000125
2023-12-21,21377.5,234.98,9.97009424603011,5.459500404139426,0.009777500507938797,0.007003786743715601,160,7,False,False,0.009777500507938797,0.065,0.000125
2023-12-22,21392.75,235.65,9.970807358562595,5.46234765336974,0.0007131125324857379,0.002847249230313764,161,6,False,False,0.0007131125324857379,0.065,0.000125
2023-12-26,21499.15,237.1,9.975768678450509,5.46848199307136,0.0049613198879132625,0.0061343397016200285,162,2,False,False,0.0049613198879132625,0.065,0.000125
2023-12-27,21687.3,239.4,9.984482114744676,5.478135793123873,0.00871343629416721,0.009653800052513262,163,1,False,False,0.00871343629416721,0.065,0.000125
2023-12-28,21780.75,240.24,9.98878183115578,5.481638423675075,0.004299716411104271,0.003502630551201591,164,0,True,False,0.004299716411104271,0.065,0.000125
2023-12-29,21861.3,240.3,9.99247322931271,5.481888142742423,0.0036913981569295373,0.00024971906734805316,165,27,False,True,-9.739114372709094e-06,0.065,0.000125
2024-01-01,21830.0,240.02,9.99104044954399,5.480722253203296,-0.0014327797687201382,-0.0011658895391271074,166,24,False,False,-0.0014327797687201382,0.065,0.000125
2024-01-02,21754.0,239.23,9.987552927653796,5.47742543227249,-0.0034875218901930793,-0.003296820930805744,167,23,False,False,-0.0034875218901930793,0.065,0.000125
2024-01-03,21597.7,237.8,9.980342106521219,5.471429984256681,-0.0072108211325776495,-0.0059954480158088685,168,22,False,False,-0.0072108211325776495,0.065,0.000125
2024-01-04,21807.05,239.48,9.989988590991864,5.478469906057152,0.009646484470644978,0.007039921800470417,169,21,False,False,0.009646484470644978,0.065,0.000125
2024-01-05,21788.0,239.88,9.989114638503565,5.480138798300309,-0.0008739524882983574,0.0016688922431571385,170,20,False,False,-0.0008739524882983574,0.065,0.000125
2024-01-08,21568.0,237.96,9.978966013712034,5.472102592319705,-0.010148624791531446,-0.008036205980603839,171,17,False,False,-0.010148624791531446,0.065,0.000125
2024-01-09,21628.8,237.79,9.981781038906036,5.471387931227806,0.0028150251940015636,-0.0007146610918988827,172,16,False,False,0.0028150251940015636,0.065,0.000125
2024-01-10,21722.95,238.88,9.986124584346415,5.47596133379088,0.004343545440379515,0.004573402563074147,173,15,False,False,0.004343545440379515,0.065,0.000125
2024-01-11,21690.0,239.1,9.98460660382092,5.476881874464279,-0.0015179805254952328,0.000920540673399195,174,14,False,False,-0.0015179805254952328,0.065,0.000125
2024-01-12,21973.4,242.3,9.997587909891223,5.49017662782248,0.012981306070303233,0.01329475335820085,175,13,False,False,0.012981306070303233,0.065,0.000125
2024-01-15,22141.0,244.3,10.005186372360962,5.498396978263695,0.00759846246973872,0.008220350441214386,176,10,False,False,0.00759846246973872,0.065,0.000125
2024-01-16,22023.15,243.19,9.999849451816859,5.493843030825574,-0.005336920544102952,-0.0045539474381204315,177,9,False,False,-0.005336920544102952,0.065,0.000125
2024-01-17,21587.0,238.5,9.979846560634877,5.474369310328396,-0.020002891181981397,-0.019473720497177993,178,8,False,False,-0.020002891181981397,0.065,0.000125
2024-01-18,21549.9,237.68,9.978126455149898,5.470925231154352,-0.0017201054849795838,-0.0034440791740442123,179,7,False,False,-0.0017201054849795838,0.065,0.000125
2024-01-19,21675.0,239.33,9.983914801648742,5.477843352706524,0.005788346498844632,0.006918121552171641,180,6,False,False,0.005788346498844632,0.065,0.000125
2024-01-20,21620.3,238.97,9.98138796713763,5.476338021040286,-0.0025268345111122414,-0.0015053316662374527,181,5,False,False,-0.0025268345111122414,0.065,0.000125
2024-01-23,21201.75,235.4,9.961839004423085,5.461286194826176,-0.01954896271454487,-0.015051826214110164,182,2,False,False,-0.01954896271454487,0.065,0.000125
2024-01-24,21495.05,237.57,9.97557795505003,5.470462316890431,0.013738950626944302,0.009176122064254777,183,1,False,False,0.013738950626944302,0.065,0.000125
2024-01-25,21351.0,236.7,9.968853855967382,5.466793516519938,-0.0067240990826480385,-0.003668800370492775,184,0,True,False,-0.0067240990826480385,0.065,0.000125
2024-01-29,21878.35,240.25,9.993252842357787,5.481680047850402,0.024398986390405497,0.014886531330463804,185,31,False,True,0.014627073148743041,0.065,0.000125
2024-01-30,21624.0,238.2,9.981559087956283,5.473110656921199,-0.011693754401504108,-0.008569390929202392,186,30,False,False,-0.011693754401504108,0.065,0.000125
2024-01-31,21787.0,240.25,9.989068740626333,5.481680047850402,0.007509652670050215,0.008569390929202392,187,29,False,False,0.007509652670050215,0.065,0.000125
2024-02-01,21742.1,239.97,9.98700575214625,5.4805139155288405,-0.002062988480084016,-0.001166132321561264,188,28,False,False,-0.002062988480084016,0.065,0.000125
2024-02-02,21959.0,241.6,9.996932357245992,5.48728346606066,0.009926605099742858,0.00676955053181949,189,27,False,False,0.009926605099742858,0.065,0.000125
2024-02-05,21789.0,240.15,9.989160534274278,5.481263728110833,-0.00777182297171386,-0.006019737949826798,190,24,False,False,-0.00777182297171386,0.065,0.000125
2024-02-06,22000.4,242.11,9.998815913993347,5.489392168336741,0.009655379719069046,0.008128440225907418,191,23,False,False,0.009655379719069046,0.065,0.000125
2024-02-07,22019.3,242.7,9.99967462048891,5.491826112732555,0.0008587064955634105,0.002433944395814791,192,22,False,False,0.0008587064955634105,0.065,0.000125
2024-02-08,21827.0,240.55,9.990903014539077,5.482927968145463,-0.008771605949833727,-0.008898144587092816,193,21,False,False,-0.008771605949833727,0.065,0.000125
2024-02-09,21848.9,240.7,9.991905856007044,5.483551344789026,0.0010028414679670306,0.0006233766435634891,194,20,False,False,0.0010028414679670306,0.065,0.000125
2024-02-12,21700.5,239.39,9.985090580737754,5.478094021157034,-0.0068152752692896,-0.005457323631992139,195,17,False,False,-0.0068152752692896,0.065,0.000125
2024-02-13,21816.75,240.4,9.990433302372344,5.4823042026610525,0.005342721634589154,0.004210181504018529,196,16,False,False,0.005342721634589154,0.065,0.000125
2024-02-14,21925.0,241.7,9.995382817240383,5.487697287709437,0.004949514868039628,0.005393085048384982,197,15,False,False,0.004949514868039628,0.065,0.000125
2024-02-15,22017.1,242.9,9.999574703147719,5.492649836008127,0.004191885907335546,0.004952548298689408,198,14,False,False,0.004191885907335546,0.065,0.000125
2024-02-16,22087.55,244.19,10.002769380349216,5.497946610797179,0.0031946772014972424,0.0052967747890519945,199,13,False,False,0.0031946772014972424,0.065,0.000125
2024-02-19,22168.0,245.17,10.006405086542815,5.501951847474021,0.0036357061935987645,0.004005236676841939,200,10,False,False,0.0036357061935987645,0.065,0.000125
2024-02-20,22231.95,245.42,10.009285722409375,5.5029710285484015,0.0028806358665605103,0.001019181074380704,201,9,False,False,0.0028806358665605103,0.065,0.000125
2024-02-21,22039.0,243.73,10.000568890186692,5.496061055229514,-0.00871683222268338,-0.006909973318887097,202,8,False,False,-0.00871683222268338,0.065,0.000125
2024-02-22,22269.8,245.9,10.010986779519573,5.504924949222147,0.010417889332881458,0.008863893992632654,203,7,False,False,0.010417889332881458,0.065,0.000125
2024-02-23,22221.0,245.38,10.008793066681399,5.502808029363036,-0.0021937128381743776,-0.0021169198591106664,204,6,False,False,-0.0021937128381743776,0.065,0.000125
2024-02-26,22139.0,245.24,10.005096038124226,5.502237322894487,-0.003697028557173354,-0.0005707064685491758,205,3,False,False,-0.003697028557173354,0.065,0.000125
2024-02-27,22195.1,245.38,10.007626822777247,5.502808029363036,0.0025307846530218114,0.0005707064685491758,206,2,False,False,0.0025307846530218114,0.065,0.000125
2024-02-28,21897.1,243.25,9.994109486944954,5.494089721066114,-0.013517335832293753,-0.008718308296922217,207,1,False,False,-0.013517335832293753,0.065,0.000125
2024-02-29,21985.7,243.9,9.998147520998867,5.496758305221874,0.004038034053913009,0.002668584155760101,208,0,True,False,0.004038034053913009,0.065,0.000125
2024-03-01,22448.3,246.71,10.01897016647247,5.508213557776617,0.02082264547360424,0.011455252554743112,209,27,False,True,0.01119579437302235,0.065,0.000125
2024-03-02,22507.0,247.31,10.021581650918597,5.510642610426367,0.0026114844461258002,0.0024290526497496856,210,26,False,False,0.0026114844461258002,0.065,0.000125
2024-03-04,22499.5,247.79,10.021248365723372,5.5125816132556515,-0.00033328519522513034,0.0019390028292844974,211,24,False,False,-0.00033328519522513034,0.065,0.000125
2024-03-05,22438.05,247.25,10.018513457465026,5.510399970502822,-0.0027349082583452144,-0.0021816427528298377,212,23,False,False,-0.0027349082583452144,0.065,0.000125
2024-03-06,22602.0,248.68,10.025793676920095,5.516166929401137,0.007280219455068959,0.005766958898314911,213,22,False,False,0.007280219455068959,0.065,0.000125
2024-03-07,22539.8,248.68,10.023037914439938,5.516166929401137,-0.002755762480157742,0.0,214,21,False,False,-0.002755762480157742,0.065,0.000125
2024-03-11,22405.05,247.38,10.017041658862475,5.510925615946864,-0.005996255577462861,-0.005241313454273033,215,17,False,False,-0.005996255577462861,0.065,0.000125
2024-03-12,22438.7,247.54,10.01854242569468,5.511572185111876,0.0015007668322049028,0.0006465691650126004,216,16,False,False,0.0015007668322049028,0.065,0.000125
2024-03-13,22076.45,243.75,10.002266708479198,5.4961431098779565,-0.016275717215481933,-0.015429075233919676,217,15,False,False,-0.016275717215481933,0.065,0.000125
2024-03-14,22250.0,245.5,10.010097287594386,5.503296947234575,0.00783057911518803,0.007153837356618453,218,14,False,False,0.00783057911518803,0.065,0.000125
2024-03-15,22121.25,243.79,10.004293963985395,5.496307198978706,-0.005803323608990496,-0.006989748255868733,219,13,False,False,-0.005803323608990496,0.065,0.000125
2024-03-18,22134.0,244.09,10.00487016682473,5.4975370097428735,0.0005762028393352381,0.0012298107641672829,220,10,False,False,0.0005762028393352381,0.065,0.000125
2024-03-19,21883.6,241.65,9.993492776822555,5.487490398291093,-0.011377390002175858,-0.010046611451780763,221,9,False,False,-0.011377390002175858,0.065,0.000125
2024-03-20,21917.0,241.8,9.99501787038172,5.488110938180692,0.0015250935591648584,0.0006205398895993142,222,8,False,False,0.0015250935591648584,0.065,0.000125
2024-03-21,22119.0,243.99,10.00419224665776,5.497127240846794,0.00917437627604123,0.009016302666101872,223,7,False,False,0.00917437627604123,0.065,0.000125
2024-03-22,22155.0,244.54,10.00581848363359,5.499378894716044,0.0016262369758290873,0.002251653869249637,224,6,False,False,0.0016262369758290873,0.065,0.000125
2024-03-26,22095.0,243.73,10.00310661756484,5.496061055229514,-0.002711866068748847,-0.003317839486529195,225,2,False,False,-0.002711866068748847,0.065,0.000125
2024-03-27,22194.6,245.0,10.007604295028692,5.501258210544727,0.004497677463850991,0.005197155315213031,226,1,False,False,0.004497677463850991,0.065,0.000125
2024-03-28,22328.5,247.1,10.013619168372811,5.509793112994564,0.006014873344119209,0.008534902449836679,227,0,True,False,0.006014873344119209,0.065,0.000125
2024-04-01,22610.0,248.49,10.026147565272016,5.515402603278282,0.012528396899204708,0.005609490283718266,228,24,False,True,0.0053500321019975036,0.065,0.000125
2024-04-02,22575.35,248.89,10.02461388204097,5.517011031788615,-0.001533683231045302,0.0016084285103330487,229,23,False,False,-0.001533683231045302,0.065,0.000125
2024-04-03,22546.75,248.8,10.023346210375424,5.516649360865024,-0.0012676716655466436,-0.00036167092359118413,230,22,False,False,-0.0012676716655466436,0.065,0.000125
2024-04-04,22635.5,249.77,10.027274749310203,5.520540494402504,0.003928538934779624,0.0038911335374800515,231,21,False,False,0.003928538934779624,0.065,0.000125
2024-04-05,22611.0,249.37,10.026191792511579,5.518937737317808,-0.0010829567986245792,-0.0016027570846963712,232,20,False,False,-0.0010829567986245792,0.065,0.000125
2024-04-08,22750.0,250.7,10.032320424379096,5.524257005164247,0.006128631867516887,0.005319267846439324,233,17,False,False,0.006128631867516887,0.065,0.000125
2024-04-09,22733.65,250.78,10.031601484685195,5.524576060762392,-0.0007189396939004666,0.000319055598144935,234,16,False,False,-0.0007189396939004666,0.065,0.000125
2024-04-10,22805.25,251.46,10.034746051593935,5.5272839311650355,0.0031445669087393213,0.0027078704026433087,235,15,False,False,0.0031445669087393213,0.065,0.000125
2024-04-12,22609.75,250.0,10.026136508156485,5.521460917862246,-0.008609543437449574,-0.005823013302789448,236,13,False,False,-0.008609543437449574,0.065,0.000125
2024-04-15,22357.35,247.1,10.01491040503983,5.509793112994564,-0.011226103116655395,-0.01166780486768193,237,10,False,False,-0.011226103116655395,0.065,0.000125
2024-04-16,22211.0,246.0,10.008342940638508,5.5053315359323625,-0.006567464401321388,-0.004461577062201627,238,9,False,False,-0.006567464401321388,0.065,0.000125
2024-04-18,22080.0,244.45,10.00242750039103,5.499010789024655,-0.005915440247477477,-0.006320746907707786,239,7,False,False,-0.005915440247477477,0.065,0.000125
2024-04-19,22123.0,245.56,10.004373070309986,5.5035413165592955,0.0019455699189556697,0.0045305275346407825,240,6,False,False,0.0019455699189556697,0.065,0.000125
2024-04-22,22393.3,247.85,10.01651708595881,5.512823724466583,0.012144015648823725,0.009282407907287293,241,3,False,False,0.012144015648823725,0.065,0.000125
2024-04-23,22354.9,247.73,10.014800815385877,5.512339443412685,-0.0017162705729329986,-0.0004842810538976394,242,2,False,False,-0.0017162705729329986,0.065,0.000125
2024-04-24,22420.0,248.1,10.017708696626151,5.513831890697755,0.0029078812402740795,0.001492447285070142,243,1,False,False,0.0029078812402740795,0.065,0.000125
2024-04-25,22574.7,249.38,10.024585089160341,5.51897783756844,0.0068763925341901455,0.005145946870684703,244,0,True,False,0.0068763925341901455,0.065,0.000125
2024-04-26,22571.85,248.72,10.024458833665568,5.516327765750498,-0.00012625549477363052,-0.002650071817941857,245,34,False,True,-0.0029095299996626193,0.065,0.000125
2024-04-29,22745.15,250.31,10.032107214838371,5.522700149697197,0.007648381172803198,0.006372383946699145,246,31,False,False,0.007648381172803198,0.065,0.000125
2024-04-30,22705.0,249.98,10.030340443532051,5.521380914662076,-0.0017667713063200807,-0.0013192350351216575,247,30,False,False,-0.0017667713063200807,0.065,0.000125
2024-05-02,22779.95,250.89,10.03363604209095,5.525014596061544,0.003295598558899826,0.0036336813994681805,248,28,False,False,0.003295598558899826,0.065,0.000125
2024-05-03,22559.75,248.8,10.02392262399031,5.516649360865024,-0.00971341810063997,-0.00836523519651955,249,27,False,False,-0.00971341810063997,0.065,0.000125
2024-05-06,22559.0,248.5,10.023889378388423,5.5154428455366835,-3.3245601887443854e-05,-0.001206515328340707,250,24,False,False,-3.3245601887443854e-05,0.065,0.000125
2024-05-07,22375.0,247.49,10.015699543143056,5.5113701771520756,-0.00818983524536776,-0.004072668384607958,251,23,False,False,-0.00818983524536776,0.065,0.000125
2024-05-08,22392.85,247.6,10.016496990460537,5.511814540810441,0.0007974473174812147,0.00044436365836553193,252,22,False,False,0.0007974473174812147,0.065,0.000125
2024-05-09,22072.8,243.79,10.002101360256598,5.496307198978706,-0.014395630203939191,-0.015507341831734855,253,21,False,False,-0.014395630203939191,0.065,0.000125
2024-05-10,22127.7,244.98,10.004585496328906,5.50117657455954,0.0024841360723080186,0.004869375580833335,254,20,False,False,0.0024841360723080186,0.065,0.000125
2024-05-13,22224.3,245.36,10.008941563823102,5.5027265198059965,0.0043560674941964805,0.0015499452464569075,255,17,False,False,0.0043560674941964805,0.065,0.000125
2024-05-14,22312.2,246.84,10.012888893053454,5.5087403534528665,0.003947329230351571,0.006013833646870026,256,16,False,False,0.003947329230351571,0.065,0.000125
2024-05-15,22276.75,246.55,10.011298812664963,5.507564812670135,-0.0015900803884907333,-0.0011755407827314102,257,15,False,False,-0.0015900803884907333,0.065,0.000125
2024-05-16,22472.55,248.45,10.020049843386674,5.5152416180483295,0.008751030721711572,0.0076768053781943735,258,14,False,False,0.008751030721711572,0.065,0.000125
2024-05-17,22511.85,248.9,10.021797116218965,5.517051209373546,0.0017472728322900366,0.0018095913252169638,259,13,False,False,0.0017472728322900366,0.065,0.000125
2024-05-18,22540.5,249.05,10.023068970133892,5.5176536795192925,0.0012718539149272345,0.0006024701457461035,260,12,False,False,0.0012718539149272345,0.065,0.000125
2024-05-21,22591.1,249.4,10.025311302388968,5.519058033245936,0.002242332255075752,0.0014043537266434925,261,9,False,False,0.002242332255075752,0.065,0.000125
2024-05-22,22667.4,250.49,10.028683047907965,5.523418999568408,0.0033717455189972156,0.00436096632247196,262,8,False,False,0.0033717455189972156,0.065,0.000125
2024-05-23,23010.0,254.35,10.043684183029411,5.538711271268774,0.015001135121446296,0.015292271700365845,263,7,False,False,0.015001135121446296,0.065,0.000125
2024-05-24,23023.45,254.8,10.044268540725076,5.540478923698008,0.0005843576956650054,0.0017676524292342677,264,6,False,False,0.0005843576956650054,0.065,0.000125
2024-05-27,23001.1,255.02,10.043297319854613,5.541341973455396,-0.0009712208704630854,0.0008630497573882678,265,3,False,False,-0.0009712208704630854,0.065,0.000125
2024-05-28,22926.15,254.05,10.040033459443396,5.537531098039741,-0.0032638604112165126,-0.0038108754156551683,266,2,False,False,-0.0032638604112165126,0.065,0.000125
2024-05-29,22731.0,252.57,10.031484910599483,5.5316884380176825,-0.00854854884391365,-0.005842660022058688,267,1,False,False,-0.00854854884391365,0.065,0.000125
2024-05-30,22487.75,251.0,10.020725995484375,5.5254529391317835,-0.01075891511510818,-0.006235498885899027,268,0,True,False,-0.01075891511510818,0.065,0.000125
2024-05-31,22699.0,251.5,10.030076149635702,5.527442989539794,0.009350154151327672,0.0019900504080103687,269,27,False,True,0.0017305922262896064,0.065,0.000125
2024-06-03,23450.0,258.3,10.062625773874425,5.554121700101795,0.03254962423872243,0.026678710562000774,270,24,False,False,0.03254962423872243,0.065,0.000125
2024-06-04,21972.55,251.95,9.997549226007948,5.529230655126607,-0.06507654786647699,-0.02489104497518735,271,23,False,False,-0.06507654786647699,0.065,0.000125
2024-06-05,22586.0,250.95,10.025085524283616,5.525253716100942,0.027536298275668614,-0.003976939025664983,272,22,False,False,0.027536298275668614,0.065,0.000125
2024-06-06,22930.7,253.3,10.040231903078968,5.5345745570076295,0.015146378795352078,0.009320840906687167,273,21,False,False,0.015146378795352078,0.065,0.000125
2024-06-07,23339.85,258.3,10.057917479084677,5.554121700101795,0.01768557600570908,0.019547143094165165,274,20,False,False,0.01768557600570908,0.065,0.000125
2024-06-10,23231.1,257.94,10.053247177204701,5.552726999736245,-0.00467030187997608,-0.0013947003655498946,275,17,False,False,-0.00467030187997608,0.065,0.000125
2024-06-11,23310.0,258.72,10.056637732029802,5.5557463958287965,0.0033905548251009776,0.0030193960925517516,276,16,False,False,0.0033905548251009776,0.065,0.000125
2024-06-12,23360.0,259.4,10.058780436942163,5.5583712718823435,0.0021427049123605713,0.0026248760535469984,277,15,False,False,0.0021427049123605713,0.065,0.000125
2024-06-13,23396.9,260.12,10.060358813937246,5.5611430630009515,0.0015783769950825643,0.0027717911186080357,278,14,False,False,0.0015783769950825643,0.065,0.000125
2024-06-14,23462.0,260.78,10.063137370065666,5.563677139995326,0.002778556128420817,0.002534076994374246,279,13,False,False,0.002778556128420817,0.065,0.000125
2024-06-18,23570.0,261.6,10.067729995930177,5.566816619583044,0.004592625864511035,0.003139479587717986,280,9,False,False,0.004592625864511035,0.065,0.000125
2024-06-19,23497.95,261.28,10.064668462284587,5.565592629222155,-0.003061533645590586,-0.001223990360888827,281,8,False,False,-0.003061533645590586,0.065,0.000125
2024-06-20,23596.0,261.84,10.068832485122966,5.567733630192925,0.004164022838379466,0.0021410009707700794,282,7,False,False,0.004164022838379466,0.065,0.000125
2024-06-21,23460.2,260.86,10.063060647320318,5.563983864942137,-0.0057718378026478945,-0.003749765250788073,283,6,False,False,-0.0057718378026478945,0.065,0.000125
2024-06-24,23554.6,261.65,10.06707640945737,5.567007732818217,0.0040157621370511265,0.0030238678760801108,284,3,False,False,0.0040157621370511265,0.065,0.000125
2024-06-25,23737.0,263.68,10.074790291180951,5.574736246721107,0.007713881723582006,0.0077285139028901995,285,2,False,False,0.007713881723582006,0.065,0.000125
2024-06-26,23856.0,264.83,10.07979103700452,5.57908811069704,0.005000745823569019,0.004351863975932346,286,1,False,False,0.005000745823569019,0.065,0.000125
2024-06-27,24047.1,266.95,10.087769686142718,5.587061374946195,0.007978649138197014,0.007973264249155676,287,0,True,False,0.007978649138197014,0.065,0.000125
2024-06-28,24134.95,267.5,10.091416276412314,5.589119566336061,0.0036465902695965724,0.0020581913898656268,288,27,False,True,0.0017987332081448645,0.065,0.000125
2024-07-01,24215.0,268.45,10.094727554837329,5.592664676868578,0.003311278425014663,0.0035451105325172705,289,24,False,False,0.003311278425014663,0.065,0.000125
2024-07-02,24211.3,269.12,10.094574745309977,5.5951573767845835,-0.00015280952735174935,0.0024926999160053143,290,23,False,False,-0.00015280952735174935,0.065,0.000125
2024-07-03,24365.1,270.34,10.10090705951708,5.599680426055682,0.006332314207103451,0.004523049271098145,291,22,False,False,0.006332314207103451,0.065,0.000125
2024-07-04,24377.55,270.73,10.101417905778856,5.601122014269927,0.0005108462617755549,0.0014415882142451153,292,21,False,False,0.0005108462617755549,0.065,0.000125
2024-07-05,24389.9,270.94,10.10192439116056,5.601897394152591,0.0005064853817042803,0.0007753798826639624,293,20,False,False,0.0005064853817042803,0.065,0.000125
2024-07-08,24374.0,270.25,10.101272269383447,5.599347456519317,-0.0006521217771133792,-0.0025499376332733803,294,17,False,False,-0.0006521217771133792,0.065,0.000125
2024-07-09,24484.95,271.35,10.105813922067762,5.6034095005094136,0.004541652684315167,0.004062043990096242,295,16,False,False,0.004541652684315167,0.065,0.000125
2024-07-10,24340.0,270.59,10.099876366541519,5.600604760138834,-0.005937555526243088,-0.0028047403705793172,296,15,False,False,-0.005937555526243088,0.065,0.000125
2024-07-11,24402.25,270.8,10.102430620144679,5.60138054103812,0.0025542536031597507,0.0007757808992856496,297,14,False,False,0.0025542536031597507,0.065,0.000125
2024-07-12,24529.0,272.0,10.107611370013084,5.605802066295998,0.005180749868404888,0.004421525257877867,298,13,False,False,0.005180749868404888,0.065,0.000125
2024-07-15,24623.95,273.18,10.111474825537288,5.610130918574746,0.0038634555242040847,0.00432885227874813,299,10,False,False,0.0038634555242040847,0.065,0.000125
2024-07-16,24640.0,273.68,10.112126417647456,5.611959540669349,0.0006515921101684086,0.001828622094603105,300,9,False,False,0.0006515921101684086,0.065,0.000125
2024-07-18,24808.0,275.4,10.118921460780285,5.618224586294555,0.006795043132829193,0.006265045625205801,301,7,False,False,0.006795043132829193,0.065,0.000125
2024-07-19,24529.15,273.2,10.107617485204953,5.610204127696635,-0.011303975575332359,-0.008020458597919777,302,6,False,False,-0.011303975575332359,0.065,0.000125
2024-07-22,24517.65,272.67,10.107148545326684,5.608262272798789,-0.00046893987826912564,-0.0019418548978462624,303,3,False,False,-0.00046893987826912564,0.065,0.000125
2024-07-23,24453.0,272.55,10.104508186762567,5.60782208351029,-0.002640358564116596,-0.0004401892884988712,304,2,False,False,-0.002640358564116596,0.065,0.000125
2024-07-24,24421.45,272.39,10.103217123461295,5.607234862881972,-0.001291063301271933,-0.0005872206283177306,305,1,False,False,-0.001291063301271933,0.065,0.000125
2024-07-25,24408.0,272.1,10.102666226396506,5.6061696457892,-0.0005508970647891687,-0.001065217092771853,306,0,True,False,-0.0005508970647891687,0.065,0.000125
2024-07-26,24924.0,276.0,10.123586473664112,5.62040086571715,0.020920247267605774,0.01423121992794929,307,34,False,True,0.013971761746228528,0.065,0.000125
2024-07-29,24924.6,276.98,10.123610546556833,5.6239453014145715,2.4072892720994332e-05,0.0035444356974219104,308,31,False,False,2.4072892720994332e-05,0.065,0.000125
2024-07-30,24935.0,276.89,10.124027717980223,5.623620315404164,0.00041717142338981716,-0.0003249860104075353,309,30,False,False,0.00041717142338981716,0.065,0.000125
2024-07-31,25031.35,278.0,10.127884318249032,5.627621113690637,0.003856600268809629,0.004000798286472929,310,29,False,False,0.003856600268809629,0.065,0.000125
2024-08-01,25038.0,278.41,10.128149949819608,5.629094847355403,0.00026563157057601927,0.0014737336647661081,311,28,False,False,0.00026563157057601927,0.065,0.000125
2024-08-02,24700.0,275.74,10.114558522616068,5.619458392743483,-0.013591427203540007,-0.009636454611920087,312,27,False,False,-0.013591427203540007,0.065,0.000125
2024-08-05,24096.0,270.33,10.08980113059962,5.5996434349150555,-0.024757392016448776,-0.01981495782842746,313,24,False,False,-0.024757392016448776,0.065,0.000125
2024-08-06,24091.0,268.28,10.089593605747774,5.592031211231537,-0.00020752485184516445,-0.007612223683518771,314,23,False,False,-0.00020752485184516445,0.065,0.000125
2024-08-07,24373.9,271.2,10.101268166642612,5.60285655606624,0.011674560894837427,0.010825344834703543,315,22,False,False,0.011674560894837427,0.065,0.000125
2024-08-08,24123.35,269.18,10.090935530085842,5.595380300805569,-0.01033263655676997,-0.007476255260670861,316,21,False,False,-0.01033263655676997,0.065,0.000125
2024-08-09,24398.5,271.8,10.102276933981766,5.605066501717044,0.011341403895924529,0.00968620091147443,317,20,False,False,0.011341403895924529,0.065,0.000125
2024-08-12,24363.55,271.59,10.100843441912222,5.604293576155459,-0.001433492069544684,-0.0007729255615851471,318,17,False,False,-0.001433492069544684,0.065,0.000125
2024-08-13,24158.0,269.8,10.092370867165224,5.597680943773655,-0.008472574746997807,-0.006612632381803429,319,16,False,False,-0.008472574746997807,0.065,0.000125
2024-08-14,24172.0,269.48,10.09295021748145,5.59649417609246,0.0005793503162259128,-0.001186767681195633,320,15,False,False,0.0005793503162259128,0.065,0.000125
2024-08-16,24598.05,274.0,10.110422450485874,5.6131281063880705,0.017472233004424353,0.016633930295610888,321,13,False,False,0.017472233004424353,0.065,0.000125
2024-08-19,24590.15,274.5,10.1101012352323,5.614951260949585,-0.00032121525357453606,0.001823154561514606,322,10,False,False,-0.00032121525357453606,0.065,0.000125
2024-08-20,24708.0,275.5,10.114882356815789,5.6185876285929695,0.004781121583489423,0.003636367643384375,323,9,False,False,0.004781121583489423,0.065,0.000125
2024-08-21,24795.55,276.34,10.11841948056873,5.621631991628523,0.0035371237529417954,0.0030443630355536655,324,8,False,False,0.0035371237529417954,0.065,0.000125
2024-08-22,24840.0,276.42,10.120210536047415,5.621921448175881,0.0017910554786837452,0.00028945654735768045,325,7,False,False,0.0017910554786837452,0.065,0.000125
2024-08-23,24861.0,276.55,10.121055589517152,5.622391636440687,0.0008450534697370671,0.00047018826480638154,326,6,False,False,0.0008450534697370671,0.065,0.000125
2024-08-26,25045.0,278.78,10.128429485791717,5.63042294030174,0.007373896274565084,0.008031303861052663,327,3,False,False,0.007373896274565084,0.065,0.000125
2024-08-27,25005.0,278.69,10.126831083853004,5.630100052968675,-0.0015984019387129678,-0.00032288733306451434,328,2,False,False,-0.0015984019387129678,0.065,0.000125
2024-08-28,25055.0,278.83,10.128828687393826,5.630602277114688,0.0019976035408220127,0.000502224146012864,329,1,False,False,0.0019976035408220127,0.065,0.000125
2024-08-29,25155.65,280.0,10.13283780238486,5.634789603169249,0.004009114991033513,0.004187326054561069,330,0,True,False,0.004009114991033513,0.065,0.000125
2024-08-30,25397.0,281.28,10.142386335794844,5.639350614496812,0.009548533409985183,0.004561011327562703,331,27,False,True,0.004301553145841941,0.065,0.000125
2024-09-02,25335.5,281.42,10.139961853258981,5.63984821536011,-0.0024244825358632482,0.0004976008632979756,332,24,False,False,-0.0024244825358632482,0.065,0.000125
2024-09-03,25341.0,281.65,10.140178916395607,5.640665165340723,0.0002170631366258391,0.0008169499806127689,333,23,False,False,0.0002170631366258391,0.065,0.000125
2024-09-04,25250.0,281.35,10.136581434703507,5.639599445879288,-0.0035974816921005015,-0.0010657194614349663,334,22,False,False,-0.0035974816921005015,0.065,0.000125
2024-09-05,25234.0,280.45,10.135947570487687,5.636395455954346,-0.0006338642158194574,-0.0032039899249420856,335,21,False,False,-0.0006338642158194574,0.065,0.000125
2024-09-06,24902.0,278.05,10.122703400512357,5.627800953633573,-0.013244169975330067,-0.008594502320772968,336,20,False,False,-0.013244169975330067,0.065,0.000125
2024-09-09,24993.3,277.95,10.126363067931921,5.627441241399478,0.0036596674195639167,-0.00035971223409436703,337,17,False,False,0.0036596674195639167,0.065,0.000125
2024-09-10,25097.0,279.32,10.130503596064212,5.632358077977835,0.004140528132291266,0.004916836578356509,338,16,False,False,0.004140528132291266,0.065,0.000125
2024-09-11,24945.0,277.84,10.124428680295138,5.627045408435818,-0.006074915769074707,-0.005312669542016479,339,15,False,False,-0.006074915769074707,0.065,0.000125
2024-09-12,25334.9,282.1,10.139938170793478,5.642261618007951,0.015509490498340384,0.015216209572132655,340,14,False,False,0.015509490498340384,0.065,0.000125
2024-09-13,25363.5,283.1,10.141066411646593,5.6458001921178536,0.0011282408531148036,0.003538574109902548,341,13,False,False,0.0011282408531148036,0.065,0.000125
2024-09-16,25440.0,283.4,10.144078017454058,5.64685932725658,0.0030116058074654006,0.0010591351387265746,342,10,False,False,0.0030116058074654006,0.065,0.000125
2024-09-17,25446.0,283.8,10.144313838702645,5.648269764725942,0.00023582124858734232,0.0014104374693619803,343,9,False,False,0.00023582124858734232,0.065,0.000125
2024-09-18,25371.45,283.0,10.141379805079131,5.645446897643238,-0.0029340336235144093,-0.0028228670827044056,344,8,False,False,-0.0029340336235144093,0.065,0.000125
2024-09-19,25509.0,284.2,10.146786610053903,5.649678215663,0.005406804974771973,0.004231318019762398,345,7,False,False,0.005406804974771973,0.065,0.000125
2024-09-20,25786.8,287.2,10.157618012076515,5.660178837174069,0.010831402022612124,0.010500621511068786,346,6,False,False,0.010831402022612124,0.065,0.000125
2024-09-23,25916.8,289.17,10.162646686054671,5.667014750463987,0.005028673978156206,0.006835913289918061,347,3,False,False,0.005028673978156206,0.065,0.000125
2024-09-24,25954.1,289.74,10.164084872260393,5.668983969113506,0.0014381862057213368,0.0019692186495188224,348,2,False,False,0.0014381862057213368,0.065,0.000125
2024-09-25,26003.0,290.43,10.165967194962711,5.67136258340009,0.001882322702318362,0.0023786142865844795,349,1,False,False,0.001882322702318362,0.065,0.000125
2024-09-26,26220.1,291.3,10.17428157119295,5.674353663965389,0.008314376230238452,0.0029910805652990646,350,0,True,False,0.008314376230238452,0.065,0.000125
2024-09-27,26347.6,292.2,10.179132468227401,5.677438499316599,0.004850897034451407,0.003084835351209847,351,34,False,True,0.0028253771694890847,0.065,0.000125
2024-09-30,25989.85,288.67,10.165461356168324,5.665284167171766,-0.013671112059077117,-0.012154332144833191,352,31,False,False,-0.013671112059077117,0.065,0.000125
2024-10-01,25977.7,288.32,10.164993756667428,5.664070974419973,-0.000467599500895588,-0.0012131927517931018,353,30,False,False,-0.000467599500895588,0.065,0.0002
2024-10-03,25478.15,282.85,10.145576501084696,5.644916721789165,-0.01941725558273255,-0.019154252630808166,354,28,False,False,-0.01941725558273255,0.065,0.0002
2024-10-04,25194.95,280.7,10.134398856591991,5.637286483367837,-0.01117764449270453,-0.007630238421327817,355,27,False,False,-0.01117764449270453,0.065,0.0002
2024-10-07,25001.85,278.9,10.126705101112472,5.630853294633443,-0.007693755479518671,-0.006433188734393802,356,24,False,False,-0.007693755479518671,0.065,0.0002
2024-10-08,25147.1,279.5,10.132497860728297,5.633002292595154,0.005792759615824039,0.0021489979617106414,357,23,False,False,0.005792759615824039,0.065,0.0002
2024-10-09,25119.75,279.5,10.131409668303311,5.633002292595154,-0.001088192424985479,0.0,358,22,False,False,-0.001088192424985479,0.065,0.0002
2024-10-10,25127.0,279.49,10.131698244183356,5.632966513779786,0.000288575880045272,-3.577881536731553e-05,359,21,False,False,0.000288575880045272,0.065,0.0002
2024-10-11,25048.0,278.97,10.128549263006242,5.6311042491582155,-0.003148981177114152,-0.0018622646215709082,360,20,False,False,-0.003148981177114152,0.065,0.0002
2024-10-14,25235.0,280.95,10.135987198774362,5.638176717558207,0.007437935768120241,0.007072468399991649,361,17,False,False,0.007437935768120241,0.065,0.0002
2024-10-15,25131.25,280.0,10.131867370645583,5.634789603169249,-0.0041198281287790905,-0.0033871143889578903,362,16,False,False,-0.0041198281287790905,0.065,0.0002
2024-10-16,25032.6,278.66,10.12793425438073,5.629992400685445,-0.003933116264853709,-0.004797202483803886,363,15,False,False,-0.003933116264853709,0.065,0.0002
2024-10-17,24845.1,276.89,10.12041582898304,5.623620315404164,-0.007518425397689654,-0.006372085281281414,364,14,False,False,-0.007518425397689654,0.065,0.0002
2024-10-18,24962.0,277.5,10.1251099474784,5.625820933186489,0.004694118495359945,0.002200617782325054,365,13,False,False,0.004694118495359945,0.065,0.0002
2024-10-21,24757.0,276.37,10.116863556291285,5.621740547652585,-0.008246391187114455,-0.00408038553390444,366,10,False,False,-0.008246391187114455,0.065,0.0002
2024-10-22,24527.0,273.85,10.107529830547938,5.61258051122973,-0.009333725743347898,-0.009160036422854567,367,9,False,False,-0.009333725743347898,0.065,0.0002
2024-10-23,24480.0,273.22,10.105611736626262,5.610277331459341,-0.0019180939216756343,-0.0023031797703891854,368,8,False,False,-0.0019180939216756343,0.065,0.0002
2024-10-24,24474.0,272.0,10.105366608545614,5.605802066295998,-0.00024512808064791614,-0.004475265163343067,369,7,False,False,-0.00024512808064791614,0.065,0.0002
2024-10-25,24213.1,270.74,10.094649087996757,5.6011589507576405,-0.010717520548856996,-0.004643115538357279,370,6,False,False,-0.010717520548856996,0.065,0.0002
2024-10-28,24362.0,272.09,10.100779820259904,5.606132893919445,0.006130732263146754,0.004973943161804328,371,3,False,False,0.006130732263146754,0.065,0.0002
2024-10-29,24473.0,273.59,10.105325748023002,5.611630635372836,0.0045459277630985895,0.005497741453391214,372,2,False,False,0.0045459277630985895,0.065,0.0002
2024-10-30,24366.9,272.45,10.100980932947303,5.6074551110291075,-0.00434481507569906,-0.004175524343728476,373,1,False,False,-0.00434481507569906,0.065,0.0002
2024-10-31,24203.95,270.9,10.094271121965827,5.6017497490910495,-0.006709810981476494,-0.00570536193805804,374,0,True,False,-0.006709810981476494,0.065,0.0002
2024-11-04,24100.0,268.54,10.089967119478747,5.592999878644562,-0.004304002487080183,-0.008749870446487229,375,24,False,True,-0.009009328628207991,0.065,0.0002
2024-11-05,24297.0,270.88,10.0981081649171,5.601675918384825,0.0081410454383537,0.008676039740262986,376,23,False,False,0.0081410454383537,0.065,0.0002
2024-11-06,24590.75,274.2,10.110125634948451,5.613857767128214,0.012017470031350896,0.012181848743388457,377,22,False,False,0.012017470031350896,0.065,0.0002
2024-11-07,24283.35,270.75,10.097546209296803,5.6011958858811,-0.012579425651647824,-0.012661881247113982,378,21,False,False,-0.012579425651647824,0.065,0.0002
2024-11-08,24203.95,269.7,10.094271121965827,5.597310230145684,-0.0032750873309765893,-0.0038856557354156607,379,20,False,False,-0.0032750873309765893,0.065,0.0002
2024-11-11,24223.0,269.98,10.095057874011232,5.598347882180681,0.0007867520454052368,0.0010376520349968388,380,17,False,False,0.0007867520454052368,0.065,0.0002
2024-11-12,23933.9,267.18,10.083051142968136,5.587922588561666,-0.012006731043095797,-0.010425293619015008,381,16,False,False,-0.012006731043095797,0.065,0.0002
2024-11-13,23690.1,264.37,10.072812518334297,5.577349637092148,-0.010238624633839066,-0.010572951469518088,382,15,False,False,-0.010238624633839066,0.065,0.0002
2024-11-14,23632.35,264.12,10.070371815088029,5.576403545326371,-0.0024407032462683276,-0.0009460917657770906,383,14,False,False,-0.0024407032462683276,0.065,0.0002
2024-11-18,23517.9,262.85,10.06551711231207,5.5715835272654575,-0.004854702775958231,-0.004820018060913256,384,10,False,False,-0.004854702775958231,0.065,0.0002
2024-11-19,23491.0,262.85,10.064372648053766,5.5715835272654575,-0.0011444642583047226,0.0,385,9,False,False,-0.0011444642583047226,0.065,0.0002
2024-11-21,23349.0,261.52,10.058309435627498,5.566510762415955,-0.006063212426267839,-0.005072764849502143,386,7,False,False,-0.006063212426267839,0.065,0.0002
2024-11-22,23910.0,266.75,10.082052060452371,5.586311890181863,0.023742624824873104,0.019801127765907367,387,6,False,False,0.023742624824873104,0.065,0.0002
2024-11-25,24300.6,271.34,10.098256320381838,5.603372647057163,0.016204259929466502,0.017060756875300065,388,3,False,False,0.016204259929466502,0.065,0.0002
2024-11-26,24207.0,270.62,10.094397126516617,5.600715622835498,-0.0038591938652210445,-0.0026570242216648055,389,2,False,False,-0.0038591938652210445,0.065,0.0002
2024-11-27,24310.0,272.0,10.098643067310169,5.605802066295998,0.00424594079355245,0.005086443460499801,390,1,False,False,0.00424594079355245,0.065,0.0002
2024-11-28,23912.55,268.4,10.082158704702936,5.592478405097527,-0.016484362607233294,-0.013323661198470838,391,0,True,False,-0.016484362607233294,0.065,0.0002
2024-11-29,24312.95,269.84,10.098764409186941,5.597829190753394,0.016605704484005557,0.0053507856558674405,392,27,False,True,0.005091327474146678,0.065,0.0002
2024-12-02,24425.0,271.39,10.103362476910984,5.603556900738151,0.00459806772404292,0.005727709984756579,393,24,False,False,0.00459806772404292,0.065,0.0002
2024-12-03,24534.0,272.95,10.107815189592698,5.609288628227767,0.004452712681713322,0.005731727489616034,394,23,False,False,0.004452712681713322,0.065,0.0002
2024-12-04,24559.0,273.2,10.108833664819757,5.610204127696635,0.0010184752270596675,0.0009154994688680418,395,22,False,False,0.0010184752270596675,0.065,0.0002
2024-12-05,24779.35,275.9,10.117765924007784,5.62003848122324,0.008932259188027203,0.009834353526605,396,21,False,False,0.008932259188027203,0.065,0.0002
2024-12-06,24781.55,275.94,10.117854703670842,5.620183450779887,8.87796630575366e-05,0.00014496955664711209,397,20,False,False,8.87796630575366e-05,0.065,0.0002
2024-12-09,24698.6,275.19,10.114501840847744,5.617461768189674,-0.0033528628230978796,-0.0027216825902129926,398,17,False,False,-0.0033528628230978796,0.065,0.0002
2024-12-10,24690.85,274.9,10.114188008640113,5.6164073951712,-0.00031383220763103736,-0.0010543730184737754,399,16,False,False,-0.00031383220763103736,0.065,0.0002
2024-12-11,24738.0,274.99,10.116095801934955,5.616734733369035,0.0019077932948423637,0.0003273381978345924,400,15,False,False,0.0019077932948423637,0.065,0.0002
2024-12-12,24647.0,274.24,10.112410468210365,5.614003635409415,-0.003685333724590123,-0.002731097959619788,401,14,False,False,-0.003685333724590123,0.065,0.0002
2024-12-13,24860.0,276.36,10.121015365064702,5.621704363620594,0.00860489685433663,0.007700728211179175,402,13,False,False,0.00860489685433663,0.065,0.0002
2024-12-16,24720.2,275.48,10.115376002153784,5.618515030676497,-0.005639362910917711,-0.0031893329440970675,403,10,False,False,-0.005639362910917711,0.065,0.0002
2024-12-17,24401.95,272.15,10.102418326120805,5.606353384880209,-0.012957676032979037,-0.012161645796288312,404,9,False,False,-0.012957676032979037,0.065,0.0002
2024-12-18,24269.9,270.83,10.096992178399015,5.601491317767735,-0.0054261477217902865,-0.0048620671124739445,405,8,False,False,-0.0054261477217902865,0.065,0.0002
2024-12-19,24021.5,268.5,10.086704541644215,5.5928509139489195,-0.010287636754799934,-0.008640403818815479,406,7,False,False,-0.010287636754799934,0.065,0.0002
2024-12-20,23642.3,265.95,10.070792759511601,5.583308321188326,-0.015911782132613794,-0.009542592760593216,407,6,False,False,-0.015911782132613794,0.065,0.0002
2024-12-23,23768.0,265.95,10.076095417142444,5.583308321188326,0.005302657630842589,0.0,408,3,False,False,0.005302657630842589,0.065,0.0002
2024-12-24,23772.1,265.69,10.076267903107352,5.582330215625433,0.00017248596490837542,-0.000978105562893461,409,2,False,False,0.00017248596490837542,0.065,0.0002
2024-12-26,23748.75,265.82,10.075285176498749,5.582819387993187,-0.0009827266086031017,0.0004891723677538096,410,0,True,False,-0.0009827266086031017,0.065,0.0002
2024-12-27,24007.95,266.69,10.086140304478914,5.586086935171916,0.010855127980164525,0.0032675471787291244,411,34,False,True,0.003008088997008362,0.065,0.0002
2024-12-30,23828.0,264.88,10.078616638748578,5.5792768932389905,-0.0075236657303356935,-0.006810041932925337,412,31,False,False,-0.0075236657303356935,0.065,0.0002
2024-12-31,23819.25,264.78,10.078249356267497,5.578899292509511,-0.00036728248108097716,-0.00037760072947978784,413,30,False,False,-0.00036728248108097716,0.065,0.0002
2025-01-01,23914.0,266.1,10.082219340479526,5.583872177983643,0.003969984212028876,0.00497288547413266,414,29,False,False,0.003969984212028876,0.065,0.0002
2025-01-02,24269.8,269.9,10.096988058060406,5.598051520023959,0.014768717580880164,0.014179342040315568,415,28,False,False,0.014768717580880164,0.065,0.0002
2025-01-03,24083.75,268.85,10.08929261819497,5.594153603255688,-0.007695439865436526,-0.0038979167682713367,416,27,False,False,-0.007695439865436526,0.065,0.0002
2025-01-06,23729.2,264.5,10.074461636261443,5.577841251298354,-0.014830981933526388,-0.016312351957333604,417,24,False,False,-0.014830981933526388,0.065,0.0002
2025-01-07,23785.45,265.6,10.076829328174483,5.5819914176022785,0.002367691913040204,0.004150166303924507,418,23,False,False,0.002367691913040204,0.065,0.0002
2025-01-08,23779.9,265.0,10.076595965021465,5.579729825986222,-0.0002333631530184732,-0.0022615916160564353,419,22,False,False,-0.0002333631530184732,0.065,0.0002
2025-01-09,23666.05,263.5,10.071796810677842,5.574053367981417,-0.004799154343622547,-0.005676458004804985,420,21,False,False,-0.004799154343622547,0.065,0.0002
2025-01-10,23518.95,263.28,10.065561758158898,5.573218104635084,-0.006235052518944073,-0.0008352633463326598,421,20,False,False,-0.006235052518944073,0.065,0.0002
2025-01-13,23169.9,258.74,10.050609301491342,5.555823696489756,-0.014952456667556291,-0.017394408145328555,422,17,False,False,-0.014952456667556291,0.065,0.0002
2025-01-14,23279.9,259.68,10.055345606303502,5.559450103766281,0.0047363048121606965,0.0036264072765250788,423,16,False,False,0.0047363048121606965,0.065,0.0002
2025-01-15,23275.5,259.71,10.055156584191648,5.559565623895792,-0.00018902211185434226,0.00011552012951110413,424,15,False,False,-0.00018902211185434226,0.065,0.0002
2025-01-16,23410.25,260.95,10.060929239624858,5.564328818089423,0.005772655433210261,0.004763194193630582,425,14,False,False,0.005772655433210261,0.065,0.0002
2025-01-17,23265.6,259.93,10.05473115375922,5.560412363997187,-0.006198085865637637,-0.003916454092235178,426,13,False,False,-0.006198085865637637,0.065,0.0002
2025-01-20,23387.4,261.28,10.059952694784856,5.565592629222155,0.0052215410256355455,0.005180265224967506,427,10,False,False,0.0052215410256355455,0.065,0.0002
2025-01-21,23109.45,258.34,10.047996903764105,5.5542765468038695,-0.011955791020751505,-0.011316082418285411,428,9,False,False,-0.011955791020751505,0.065,0.0002
2025-01-22,23198.0,259.0,10.051821347041821,5.556828061699537,0.0038244432777165827,0.00255151489566785,429,8,False,False,0.0038244432777165827,0.065,0.0002
2025-01-23,23267.0,259.59,10.054791326627294,5.559103463286757,0.0029699795854725153,0.0022754015872195055,430,7,False,False,0.0029699795854725153,0.065,0.0002
2025-01-24,23114.0,258.33,10.048193773535386,5.554237837376183,-0.006597553091907571,-0.004865625910573712,431,6,False,False,-0.006597553091907571,0.065,0.0002
2025-01-27,22831.9,256.25,10.035913959889227,5.546153530452618,-0.01227981364615971,-0.008084306923564988,432,3,False,False,-0.01227981364615971,0.065,0.0002
2025-01-28,22982.85,257.0,10.042503564600521,5.54907608489522,0.006589604711294328,0.002922554442601921,433,2,False,False,0.006589604711294328,0.065,0.0002
2025-01-29,23177.0,259.5,10.05091568660256,5.558756702605943,0.008412122002038558,0.009680617710722927,434,1,False,False,0.008412122002038558,0.065,0.0002
2025-01-30,23249.0,260.7,10.054017399337825,5.563370320939456,0.003101712735265494,0.0046136183335132586,435,0,True,False,0.003101712735265494,0.065,0.0002
2025-01-31,23642.0,262.95,10.070780070310322,5.571963900035353,0.016762670972497062,0.008593579095896864,436,27,False,True,0.008334120914176102,0.065,0.0002
2025-02-01,23560.0,262.4,10.067305637765523,5.5698700570699335,-0.0034744325447988444,-0.00209384296541959,437,26,False,False,-0.0034744325447988444,0.065,0.0002
2025-02-03,23440.0,261.5,10.06219924369095,5.566434283504978,-0.005106394074573473,-0.003435773564955724,438,24,False,False,-0.005106394074573473,0.065,0.0002
2025-02-04,23791.7,265.15,10.077092059340009,5.580295703583139,0.014892815649059088,0.013861420078161046,439,23,False,False,0.014892815649059088,0.065,0.0002
2025-02-05,23757.0,265.25,10.075632502878522,5.580672777494092,-0.0014595564614872103,0.0003770739109532073,440,22,False,False,-0.0014595564614872103,0.065,0.0002
2025-02-06,23702.5,264.58,10.073335806792114,5.578143663034234,-0.0022966960864074792,-0.0025291144598584836,441,21,False,False,-0.0022966960864074792,0.065,0.0002
2025-02-07,23614.0,263.85,10.069595035467055,5.575380759851677,-0.0037407713250594554,-0.0027629031825568973,442,20,False,False,-0.0037407713250594554,0.0625,0.0002
2025-02-10,23454.95,262.1,10.062836839018653,5.568726110329361,-0.006758196448402032,-0.006654649522316092,443,17,False,False,-0.006758196448402032,0.0625,0.0002
2025-02-11,23140.05,258.8,10.049320161505921,5.556055562626746,-0.013516677512731334,-0.012670547702614776,444,16,False,False,-0.013516677512731334,0.0625,0.0002
2025-02-12,23132.0,258.55,10.04897221927811,5.55508909884223,-0.00034794222781187045,-0.0009664637845157031,445,15,False,False,-0.00034794222781187045,0.0625,0.0002
2025-02-13,23091.2,258.14,10.047206871548141,5.553502073407041,-0.0017653477299681697,-0.001587025435188849,446,14,False,False,-0.0017653477299681697,0.0625,0.0002
2025-02-14,22976.95,256.91,10.042246818486204,5.548725829010259,-0.004960053061937586,-0.004776244396782481,447,13,False,False,-0.004960053061937586,0.0625,0.0002
2025-02-17,23043.5,257.3,10.045139012994936,5.550242719287699,0.0028921945087319045,0.0015168902774398418,448,10,False,False,0.0028921945087319045,0.0625,0.0002
2025-02-18,22950.0,256.73,10.04107321548869,5.5480249489877975,-0.004065797506244806,-0.0022177702999011117,449,9,False,False,-0.004065797506244806,0.0625,0.0002
2025-02-19,22957.0,257.0,10.041378179875572,5.54907608489522,0.00030496438688132343,0.0010511359074225624,450,8,False,False,0.00030496438688132343,0.0625,0.0002
2025-02-20,22934.9,256.9,10.040415046873521,5.548686904115838,-0.0009631330020507534,-0.00038918077938188134,451,7,False,False,-0.0009631330020507534,0.0625,0.0002
2025-02-21,22799.0,255.41,10.034471954331547,5.542870097099746,-0.0059430925419743375,-0.00581680701609244,452,6,False,False,-0.0059430925419743375,0.0625,0.0002
2025-02-24,22604.25,252.89,10.025893220677956,5.5329546115734605,-0.008578733653591186,-0.009915485526285295,453,3,False,False,-0.008578733653591186,0.0625,0.0002
2025-02-25,22567.0,252.65,10.02424394117191,5.532005131737917,-0.0016492795060454313,-0.0009494798355431655,454,2,False,False,-0.0016492795060454313,0.0625,0.0002
2025-02-27,22543.45,252.58,10.023199837105583,5.531728030218024,-0.0010441040663273782,-0.00027710151989346343,455,0,True,False,-0.0010441040663273782,0.0625,0.0002
2025-02-28,22273.0,249.13,10.011130461551485,5.517974848577414,-0.012069375554098372,-0.013753181640609569,456,27,False,True,-0.014012639822330331,0.0625,0.0002
2025-03-03,22267.0,248.33,10.010861040804457,5.514758506802571,-0.00026942074702773766,-0.003216341774843201,457,24,False,False,-0.00026942074702773766,0.0625,0.0002
2025-03-04,22184.8,247.45,10.00716264867208,5.511208541397895,-0.003698392132376327,-0.003549965404675781,458,23,False,False,-0.003698392132376327,0.0625,0.0002
2025-03-05,22446.0,251.0,10.018867703576202,5.5254529391317835,0.011705054904121326,0.014244397733888192,459,22,False,False,0.011705054904121326,0.0625,0.0002
2025-03-06,22620.2,252.62,10.026598591364003,5.531886383345829,0.007730887787801066,0.006433444214045458,460,21,False,False,0.007730887787801066,0.0625,0.0002
2025-03-07,22642.0,252.72,10.027561867638054,5.53228215649383,0.0009632762740512391,0.0003957731480008775,461,20,False,False,0.0009632762740512391,0.0625,0.0002
2025-03-10,22500.1,251.64,10.021275032627079,5.527999494701829,-0.006286835010975267,-0.004282661792000653,462,17,False,False,-0.006286835010975267,0.0625,0.0002
2025-03-11,22590.0,252.3,10.025262609462049,5.530618855647012,0.003987576834969531,0.0026193609451832245,463,16,False,False,0.003987576834969531,0.0625,0.0002
2025-03-12,22525.95,251.5,10.022423256947894,5.527442989539794,-0.0028393525141545695,-0.003175866107218539,464,15,False,False,-0.0028393525141545695,0.0625,0.0002
2025-03-13,22435.05,251.09,10.018379747068176,5.5258114405995045,-0.004043509879718243,-0.0016315489402893846,465,14,False,False,-0.004043509879718243,0.0625,0.0002
2025-03-17,22592.8,252.25,10.025386550430895,5.530420659233719,0.007006803362719083,0.004609218634214152,466,10,False,False,0.007006803362719083,0.0625,0.0002
2025-03-18,22905.0,256.0,10.039110506320842,5.545177444479562,0.013723955889947348,0.014756785245843673,467,9,False,False,0.013723955889947348,0.0625,0.0002
2025-03-19,22972.95,256.8,10.042072715821774,5.548297571815806,0.002962209500932289,0.003120127336243783,468,8,False,False,0.002962209500932289,0.0625,0.0002
2025-03-20,23191.0,259.32,10.05151955135521,5.5580628203067945,0.00944683553343495,0.009765248490988476,469,7,False,False,0.00944683553343495,0.0625,0.0002
2025-03-21,23385.65,261.28,10.059877865369163,5.565592629222155,0.008358314013953816,0.00752980891536037,470,6,False,False,0.008358314013953816,0.0625,0.0002
2025-03-24,23720.0,265.11,10.074073853111662,5.580144834198022,0.014195987742498417,0.014552204975867511,471,3,False,False,0.014195987742498417,0.0625,0.0002
2025-03-25,23667.0,264.25,10.0718369517632,5.576895624750347,-0.002236901348462439,-0.003249209447675483,472,2,False,False,-0.002236901348462439,0.0625,0.0002
2025-03-26,23512.55,262.91,10.065289600135467,5.571811768288968,-0.006547351627732567,-0.005083856461379099,473,1,False,False,-0.006547351627732567,0.0625,0.0002
2025-03-27,23595.8,264.0,10.068824009074161,5.575949103146316,0.003534408938694611,0.0041373348573481294,474,0,True,False,0.003534408938694611,0.0625,0.0002
2025-03-28,23644.0,263.15,10.07086466194426,5.5727242117997875,0.0020406528700984694,-0.00322489134652848,475,27,False,True,-0.0034843495282492424,0.0625,0.0002
2025-04-01,23315.0,259.67,10.056852209242422,5.5594115940907205,-0.01401245270183793,-0.013312617709066998,476,23,False,False,-0.01401245270183793,0.0625,0.0002
2025-04-02,23435.0,261.6,10.061985910356807,5.566816619583044,0.0051337011143850475,0.007405025492323247,477,22,False,False,0.0051337011143850475,0.0625,0.0002
2025-04-03,23328.1,261.02,10.057413921493298,5.564597032739382,-0.004571988863508736,-0.002219586843661858,478,21,False,False,-0.004571988863508736,0.0625,0.0002
2025-04-04,22971.6,258.0,10.04201394933041,5.552959584921617,-0.015399972162887465,-0.011637447817764546,479,20,False,False,-0.015399972162887465,0.0625,0.0002
2025-04-07,22320.0,249.8,10.013238416495247,5.520660597691477,-0.028775532835163986,-0.03229898723014024,480,17,False,False,-0.028775532835163986,0.0625,0.0002
2025-04-08,22653.45,252.95,10.028067437192783,5.5331918407379455,0.014829020697536777,0.012531243046468354,481,16,False,False,0.014829020697536777,0.0625,0.0002
2025-04-09,22501.5,251.45,10.021337252637055,5.527244162617974,-0.006730184555728158,-0.0059476781199716555,482,15,False,False,-0.006730184555728158,0.06,0.0002
2025-04-11,22945.0,256.23,10.040855326828934,5.5460754786261655,0.01951807419187901,0.018831316008191656,483,13,False,False,0.01951807419187901,0.06,0.0002
2025-04-15,23368.5,261.4,10.059144240620594,5.566051801190121,0.01828891379165931,0.019976322563955762,484,9,False,False,0.01828891379165931,0.06,0.0002
2025-04-16,23439.0,261.61,10.062156580664855,5.566854845152132,0.003012340044261208,0.0008030439620103635,485,8,False,False,0.003012340044261208,0.06,0.0002
2025-04-17,23846.0,266.36,10.079371767366077,5.584848777242422,0.017215186701221796,0.017993932090289988,486,7,False,False,0.017215186701221796,0.06,0.0002
2025-04-21,24135.0,269.65,10.091418348094594,5.597124821783236,0.012046580728517498,0.012276044540814546,487,3,False,False,0.012046580728517498,0.06,0.0002
2025-04-22,24165.0,269.95,10.092660584279184,5.598236756664296,0.001242236184589629,0.0011119348810595397,488,2,False,False,0.001242236184589629,0.06,0.0002
2025-04-23,24306.9,271.49,10.098515539639576,5.603925306283137,0.005854955360392822,0.005688549618841243,489,1,False,False,0.005854955360392822,0.06,0.0002
2025-04-24,24248.0,270.95,10.09608941873764,5.601934302012123,-0.0024261209019371677,-0.001991004271014063,490,0,True,False,-0.0024261209019371677,0.06,0.0002
2025-04-25,24111.0,268.19,10.090423446880829,5.591695684544697,-0.005665971856810614,-0.010238617467425826,491,34,False,True,-0.010498075649146588,0.06,0.0002
2025-04-28,24452.0,271.92,10.104467291148616,5.605507905387861,0.014043844267787264,0.013812220843163914,492,31,False,False,0.014043844267787264,0.06,0.0002
2025-04-29,24423.5,271.78,10.103301062537954,5.6049929154923515,-0.001166228610662401,-0.0005149898955094656,493,30,False,False,-0.001166228610662401,0.06,0.0002
2025-04-30,24376.0,271.33,10.101354320665545,5.603335792246684,-0.0019467418724090635,-0.001657123245667691,494,29,False,False,-0.0019467418724090635,0.06,0.0002
2025-05-02,24396.8,271.95,10.102207255139719,5.6056182258689695,0.0008529344741745604,0.002282433622285751,495,27,False,False,0.0008529344741745604,0.06,0.0002
2025-05-05,24567.1,274.18,10.109163428431092,5.613784825007754,0.006956173291372991,0.008166599138784925,496,24,False,False,0.006956173291372991,0.06,0.0002
2025-05-06,24412.3,272.2,10.102842382627054,5.6065370902173655,-0.006321045804037695,-0.007247734790388982,497,23,False,False,-0.006321045804037695,0.06,0.0002
2025-05-07,24467.5,272.94,10.105100985299975,5.609251990809968,0.002258602672920773,0.002714900592602376,498,22,False,False,0.002258602672920773,0.06,0.0002
2025-05-08,24208.2,270.27,10.094446697725669,5.599421459331459,-0.01065428757430631,-0.009830531478509208,499,21,False,False,-0.01065428757430631,0.06,0.0002
2025-05-09,24090.0,268.75,10.089552095608918,5.593781579441872,-0.004894602116751301,-0.005639879889586474,500,20,False,False,-0.004894602116751301,0.06,0.0002
2025-05-12,25045.6,279.01,10.128453442382376,5.6312476234729525,0.03890134677345891,0.03746604403108034,501,17,False,False,0.03890134677345891,0.06,0.0002
2025-05-13,24646.9,275.81,10.112406410913216,5.619712222859976,-0.01604703146916009,-0.011535400612976865,502,16,False,False,-0.01604703146916009,0.06,0.0002
2025-05-14,24733.0,276.8,10.115893663307597,5.623295223743515,0.0034872523943807465,0.0035830008835393556,503,15,False,False,0.0034872523943807465,0.06,0.0002
2025-05-15,25075.0,279.92,10.129626612830137,5.634503848059433,0.013732949522539784,0.011208624315917959,504,14,False,False,0.013732949522539784,0.06,0.0002
2025-05-16,25080.0,280.1,10.129825994746858,5.635146682266063,0.00019938191672075334,0.0006428342066300274,505,13,False,False,0.00019938191672075334,0.06,0.0002
2025-05-19,24965.0,279.64,10.12523012293471,5.6335030616437844,-0.004595871812147934,-0.0016436206222785188,506,10,False,False,-0.004595871812147934,0.06,0.0002
2025-05-20,24782.0,277.2,10.117872862176439,5.624739267315748,-0.007357260758270812,-0.008763794328036312,507,9,False,False,-0.007357260758270812,0.06,0.0002
2025-05-21,24818.0,277.49,10.119324475334565,5.625784896501139,0.0014516131581263636,0.0010456291853913058,508,8,False,False,0.0014516131581263636,0.06,0.0002
2025-05-22,24665.1,276.22,10.113144567987614,5.621197649649782,-0.006179907346950841,-0.00458724685135703,509,7,False,False,-0.006179907346950841,0.06,0.0002
2025-05-23,24885.2,278.3,10.122028528230421,5.628699668531845,0.00888396024280702,0.0075020188820627,510,6,False,False,0.00888396024280702,0.06,0.0002
2025-05-26,25035.0,279.7,10.128030124764045,5.633717600207914,0.006001596533623754,0.005017931676069232,511,3,False,False,0.006001596533623754,0.06,0.0002
2025-05-27,24860.0,278.3,10.121015365064702,5.628699668531845,-0.007014759699343287,-0.005017931676069232,512,2,False,False,-0.007014759699343287,0.06,0.0002
2025-05-28,24749.9,277.79,10.116576727584633,5.626865432552101,-0.004438637480069119,-0.001834235979743859,513,1,False,False,-0.004438637480069119,0.06,0.0002
2025-05-29,24831.8,279.0,10.119880368826799,5.631211781821365,0.0033036412421658667,0.004346349269264138,514,0,True,False,0.0033036412421658667,0.06,0.0002
2025-05-30,24857.5,278.0,10.120914796854228,5.627621113690637,0.0010344280274292572,-0.0035906681307285027,515,27,False,True,-0.003850126312449265,0.06,0.0002
2025-06-02,24800.0,277.52,10.118598932153073,5.625893002661495,-0.002315864701154524,-0.0017281110291422763,516,24,False,False,-0.002315864701154524,0.06,0.0002
2025-06-03,24646.8,275.75,10.112402353599604,5.619494658133612,-0.006196578553469223,-0.006398344527882571,517,23,False,False,-0.006196578553469223,0.06,0.0002
2025-06-04,24720.0,276.4,10.115367911571628,5.621849091893515,0.0029655579720238023,0.002354433759903074,518,22,False,False,0.0029655579720238023,0.06,0.0002
2025-06-05,24870.6,277.97,10.121441661958789,5.627513194198474,0.00607375038716107,0.005664102304958618,519,21,False,False,0.00607375038716107,0.06,0.0002
2025-06-06,25090.7,280.5,10.130252538532861,5.636573724962751,0.008810876574072424,0.009060530764277708,520,20,False,False,0.008810876574072424,0.055,0.0002
2025-06-09,25180.0,281.35,10.133805307598339,5.639599445879288,0.0035527690654770794,0.003025720916536301,521,17,False,False,0.0035527690654770794,0.055,0.0002
2025-06-10,25154.9,281.35,10.132807987564705,5.639599445879288,-0.0009973200336332866,0.0,522,16,False,False,-0.0009973200336332866,0.055,0.0002
2025-06-11,25200.0,281.76,10.134599273499514,5.641055644747896,0.0017912859348090393,0.0014561988686079275,523,15,False,False,0.0017912859348090393,0.055,0.0002
2025-06-12,24907.1,278.9,10.122908182370203,5.630853294633443,-0.011691091129311104,-0.010202350114452585,524,14,False,False,-0.011691091129311104,0.055,0.0002
2025-06-13,24740.0,277.37,10.11617664594648,5.625352354952385,-0.006731536423723483,-0.005500939681057915,525,13,False,False,-0.006731536423723483,0.055,0.0002
2025-06-16,24998.0,279.5,10.126551100650167,5.633002292595154,0.010374454703686808,0.007649937642768556,526,10,False,False,0.010374454703686808,0.055,0.0002
2025-06-17,24859.0,278.55,10.120975138994181,5.629597576466825,-0.005575961655985395,-0.003404716128328822,527,9,False,False,-0.005575961655985395,0.055,0.0002
2025-06-18,24818.0,278.31,10.119324475334565,5.62873560033329,-0.0016506636596158586,-0.000861976133535336,528,8,False,False,-0.0016506636596158586,0.055,0.0002
2025-06-19,24775.0,277.78,10.11759035919819,5.626829433488073,-0.0017341161363759738,-0.0019061668452167169,529,7,False,False,-0.0017341161363759738,0.055,0.0002
2025-06-20,25098.0,281.48,10.130543440670253,5.640061397098348,0.012953081472064198,0.013231963610275344,530,6,False,False,0.012953081472064198,0.055,0.0002
2025-06-23,24993.0,280.96,10.12635106464302,5.638212310446752,-0.0041923760272339905,-0.0018490866515961102,531,3,False,False,-0.0041923760272339905,0.055,0.0002
2025-06-24,25086.0,281.8,10.13006520058462,5.64119759946458,0.00371413594159975,0.00298528901782813,532,2,False,False,0.00371413594159975,0.055,0.0002
2025-06-25,25250.0,283.33,10.136581434703507,5.646612296041165,0.006516234118887354,0.0054146965765848876,533,1,False,False,0.006516234118887354,0.055,0.0002
2025-06-26,25552.0,286.4,10.148470870454794,5.657389435086491,0.011889435751287536,0.010777139045325512,534,0,True,False,0.011889435751287536,0.055,0.0002
2025-06-27,25757.0,287.81,10.156461713809012,5.66230054020126,0.007990843354217958,0.004911105114769221,535,34,False,True,0.0046516469330484585,0.055,0.0002
2025-06-30,25617.0,286.5,10.151011472575716,5.6577385361547945,-0.0054502412332961825,-0.00456200404646534,536,31,False,False,-0.0054502412332961825,0.055,0.0002
2025-07-01,25638.0,286.9,10.15183090487208,5.659133722987319,0.0008194322963639422,0.0013951868325241534,537,30,False,False,0.0008194322963639422,0.055,0.0002
2025-07-02,25540.0,285.89,10.14800112958653,5.655607121451769,-0.003829775285549175,-0.0035266015355492897,538,29,False,False,-0.003829775285549175,0.055,0.0002
2025-07-03,25501.0,285.78,10.146472946063877,5.655222284040824,-0.0015281835226534923,-0.00038483741094541557,539,28,False,False,-0.0015281835226534923,0.055,0.0002
2025-07-04,25545.6,286.45,10.14822036945148,5.657564000854586,0.0017474233876022538,0.0023417168137624955,540,27,False,False,0.0017474233876022538,0.055,0.0002
2025-07-07,25541.1,286.22,10.148044198353654,5.65676074588273,-0.00017617109782541718,-0.0008032549718564042,541,24,False,False,-0.00017617109782541718,0.055,0.0002
2025-07-08,25623.0,287.16,10.151245664614256,5.660039551708282,0.003201466260602359,0.003278805825551956,542,23,False,False,0.003201466260602359,0.055,0.0002
2025-07-09,25547.0,286.56,10.148275171908208,5.657947938312402,-0.002970492706047878,-0.002091613395879932,543,22,False,False,-0.002970492706047878,0.055,0.0002
2025-07-10,25414.0,285.32,10.14305548226448,5.6536113574098374,-0.005219689643729097,-0.004336580902564613,544,21,False,False,-0.005219689643729097,0.055,0.0002
2025-07-11,25208.0,283.1,10.13491668343711,5.6458001921178536,-0.008138798827369342,-0.00781116529198389,545,20,False,False,-0.008138798827369342,0.055,0.0002
2025-07-14,25172.0,282.85,10.133487544646824,5.644916721789165,-0.0014291387902858332,-0.0008834703286888512,546,17,False,False,-0.0014291387902858332,0.055,0.0002
2025-07-15,25280.0,284.0,10.137768848260794,5.648974238161206,0.0042813036139701666,0.0040575163720415475,547,16,False,False,0.0042813036139701666,0.055,0.0002
2025-07-16,25243.9,283.65,10.136339821358936,5.647741083772576,-0.0014290269018584212,-0.00123315438862992,548,15,False,False,-0.0014290269018584212,0.055,0.0002
2025-07-17,25173.8,282.94,10.133559050115037,5.645234861030788,-0.0027807712438985277,-0.0025062227417880223,549,14,False,False,-0.0027807712438985277,0.055,0.0002
2025-07-18,25027.0,281.6,10.127710521069902,5.640487624283887,-0.005848529045135109,-0.004747236746901251,550,13,False,False,-0.005848529045135109,0.055,0.0002
2025-07-21,25139.7,282.49,10.132203548898813,5.643643151729875,0.004493027828910812,0.0031555274459877936,551,10,False,False,0.004493027828910812,0.055,0.0002
2025-07-22,25095.0,282.1,10.130423902089033,5.642261618007951,-0.0017796468097799334,-0.0013815337219238444,552,9,False,False,-0.0017796468097799334,0.055,0.0002
2025-07-23,25254.9,283.56,10.136775475282356,5.647423740986817,0.006351573193322579,0.005162122978865646,553,8,False,False,0.006351573193322579,0.055,0.0002
2025-07-24,25090.0,282.35,10.130224639360469,5.643147436118846,-0.006550835921887099,-0.004276304867970815,554,7,False,False,-0.006550835921887099,0.055,0.0002
2025-07-25,24846.5,280.0,10.120472176534754,5.634789603169249,-0.009752462825714403,-0.008357832949596578,555,6,False,False,-0.009752462825714403,0.055,0.0002
2025-07-28,24706.5,278.76,10.11482164589084,5.630351196570318,-0.005650530643913854,-0.004438406598930911,556,3,False,False,-0.005650530643913854,0.055,0.0002
2025-07-29,24843.3,280.0,10.120343377465149,5.634789603169249,0.005521731574308575,0.004438406598930911,557,2,False,False,0.005521731574308575,0.055,0.0002
2025-07-30,24859.0,280.24,10.120975138994181,5.6356463788892315,0.0006317615290321044,0.0008567757199822168,558,1,False,False,0.0006317615290321044,0.055,0.0002
2025-07-31,24766.8,279.34,10.11725932560333,5.632429677877625,-0.0037158133908512525,-0.0032167010116062045,559,0,True,False,-0.0037158133908512525,0.055,0.0002
2025-08-01,24613.0,277.46,10.111030037621687,5.625676778652579,-0.006229287981643239,-0.006752899225046072,560,27,False,True,-0.007012357406766834,0.055,0.0002
2025-08-04,24800.0,279.02,10.118598932153073,5.631283463839962,0.007568894531386761,0.00560668518738261,561,24,False,False,0.007568894531386761,0.055,0.0002
2025-08-05,24715.0,278.29,10.11516562574106,5.62866373543926,-0.003433306412013337,-0.002619728400701682,562,23,False,False,-0.003433306412013337,0.055,0.0002
2025-08-06,24630.0,277.4,10.111720491114584,5.625460507880731,-0.0034451346264763316,-0.00320322755852942,563,22,False,False,-0.0034451346264763316,0.055,0.0002
2025-08-07,24710.8,277.84,10.114995674015034,5.627045408435818,0.0032751829004507016,0.0015849005550876427,564,21,False,False,0.0032751829004507016,0.055,0.0002
2025-08-08,24429.0,275.48,10.103526230135241,5.618515030676497,-0.011469443879793317,-0.008530377759321084,565,20,False,False,-0.011469443879793317,0.055,0.0002
2025-08-11,24612.3,277.0,10.111001596962105,5.6240175061873385,0.00747536682686345,0.005502475510841265,566,17,False,False,0.00747536682686345,0.055,0.0002
2025-08-12,24547.0,276.65,10.10834492616302,5.622753169344119,-0.0026566707990838268,-0.0012643368432199154,567,16,False,False,-0.0026566707990838268,0.055,0.0002
2025-08-13,24714.7,278.0,10.115153487289886,5.627621113690637,0.006808561126865342,0.0048679443465182715,568,15,False,False,0.006808561126865342,0.055,0.0002
2025-08-14,24671.0,278.21,10.113383743764707,5.628376224206372,-0.0017697435251786686,0.000755110515735069,569,14,False,False,-0.0017697435251786686,0.055,0.0002
2025-08-18,24973.1,281.12,10.125554524546747,5.638781624438787,0.012170780782039259,0.010405400232414763,570,10,False,False,0.012170780782039259,0.055,0.0002
2025-08-19,25036.0,282.09,10.128070068044591,5.642226168957095,0.0025155434978447744,0.0034445445183086676,571,9,False,False,0.0025155434978447744,0.055,0.0002
2025-08-20,25075.2,282.52,10.129634588870113,5.643749344540722,0.0015645208255214982,0.0015231755836264682,572,8,False,False,0.0015645208255214982,0.055,0.0002
2025-08-21,25112.4,282.96,10.131117027034625,5.645305544897225,0.00148243816451199,0.0015562003565028348,573,7,False,False,0.00148243816451199,0.055,0.0002
2025-08-22,24894.0,280.84,10.122382089560922,5.637785112149048,-0.008734937473702686,-0.0075204327481763755,574,6,False,False,-0.008734937473702686,0.055,0.0002
2025-08-25,24992.2,281.84,10.126319055168212,5.641339534032982,0.003936965607289622,0.0035544218839334007,575,3,False,False,0.003936965607289622,0.055,0.0002
2025-08-26,24728.0,279.11,10.115691483811952,5.6316059693522265,-0.01062757135625958,-0.009733564680755258,576,2,False,False,-0.01062757135625958,0.055,0.0002
2025-08-28,24503.0,277.05,10.106550838016146,5.6241979953133585,-0.009140645795806535,-0.007407974038867948,577,0,True,False,-0.009140645795806535,0.055,0.0002
2025-08-29,24574.6,276.34,10.109468668178932,5.621631991628523,0.002917830162786572,-0.002566003684835394,578,32,False,True,-0.0028254618665561563,0.055,0.0002
2025-09-01,24759.0,278.2,10.116944338260794,5.6283402794893425,0.007475670081861452,0.00670828786081934,579,29,False,False,0.007475670081861452,0.055,0.0002
2025-09-02,24683.0,277.6,10.113870026547724,5.62618122863265,-0.0030743117130693776,-0.002159050856692879,580,28,False,False,-0.0030743117130693776,0.055,0.0002
2025-09-03,24820.0,278.84,10.119405058758598,5.630638140618198,0.005535032210874036,0.0044569119855486505,581,27,False,False,0.005535032210874036,0.055,0.0002
2025-09-04,24835.0,279.61,10.12000922754145,5.633395775099203,0.0006041687828517439,0.002757634481004523,582,26,False,False,0.0006041687828517439,0.055,0.0002
2025-09-05,24849.6,279.6,10.120596934815747,5.633360010359655,0.0005877072742972445,-3.5764739547694546e-05,583,25,False,False,0.0005877072742972445,0.055,0.0002
2025-09-08,24901.1,280.23,10.122667258183863,5.6356106945528675,0.002070323368116078,0.0022506841932123933,584,22,False,False,0.002070323368116078,0.055,0.0002
2025-09-09,24960.0,280.72,10.125029822483365,5.637357731274959,0.002362564299501102,0.001747036722091977,585,21,False,False,0.002362564299501102,0.055,0.0002
2025-09-10,25078.6,282.1,10.129770171817176,5.642261618007951,0.004740349333811622,0.00490388673299158,586,20,False,False,0.004740349333811622,0.055,0.0002
2025-09-11,25108.9,282.61,10.130977643943957,5.644067855328544,0.0012074721267811839,0.0018062373205927074,587,19,False,False,0.0012074721267811839,0.055,0.0002
2025-09-12,25210.1,283.35,10.134999986853988,5.646682882615628,0.004022342910030119,0.0026150272870841818,588,18,False,False,0.004022342910030119,0.055,0.0002
2025-09-15,25169.0,283.3,10.133368357503002,5.646506406836471,-0.0016316293509852642,-0.00017647577915713697,589,15,False,False,-0.0016316293509852642,0.055,0.0002
2025-09-16,25348.0,285.06,10.140455110443408,5.652699684426885,0.007086752940406171,0.006193277590414326,590,14,False,False,0.007086752940406171,0.055,0.0002
2025-09-17,25424.3,286.05,10.143460688581014,5.656166620714538,0.0030055781376052693,0.003466936287653155,591,13,False,False,0.0030055781376052693,0.055,0.0002
2025-09-18,25509.6,286.6,10.14681013088748,5.6580875153940715,0.003349442306467054,0.0019208946795332693,592,12,False,False,0.003349442306467054,0.055,0.0002
2025-09-19,25427.8,285.91,10.143598342680079,5.6556770759813535,-0.0032117882074018667,-0.002410439412718013,593,11,False,False,-0.0032117882074018667,0.055,0.0002
2025-09-22,25275.1,284.45,10.137575000359579,5.650557491196657,-0.006023342320499836,-0.005119584784696762,594,8,False,False,-0.006023342320499836,0.055,0.0002
2025-09-23,25255.0,284.55,10.136779434902152,5.650908985049133,-0.0007955654574267612,0.0003514938524764588,595,7,False,False,-0.0007955654574267612,0.055,0.0002
2025-09-24,25113.0,282.98,10.131140919328166,5.645376223767807,-0.0056385155739864246,-0.005532761281326515,596,6,False,False,-0.0056385155739864246,0.055,0.0002
2025-09-25,24962.0,281.37,10.1251099474784,5.639670529188956,-0.006030971849765976,-0.005705694578850284,597,5,False,False,-0.006030971849765976,0.055,0.0002
2025-09-26,24696.8,278.97,10.114428959567269,5.6311042491582155,-0.010680987911131368,-0.008566280030740892,598,4,False,False,-0.010680987911131368,0.055,0.0002
2025-09-29,24698.4,279.07,10.11449374318999,5.631462646409561,6.478362272233085e-05,0.00035839725134589884,599,1,False,False,6.478362272233085e-05,0.055,0.0002
2025-09-30,24609.7,277.98,10.110895953144201,5.627549168656612,-0.0035977900457897505,-0.003913477752949035,600,0,True,False,-0.0035977900457897505,0.055,0.0002
2025-10-01,24982.9,280.58,10.125946869815612,5.636858889290626,0.01505091667141123,0.009309720634013807,601,27,False,True,0.009050262452293045,0.055,0.0002
2025-10-03,25007.1,281.3,10.126915063529971,5.6394217154958115,0.0009681937143586339,0.0025628262051853312,602,25,False,False,0.0009681937143586339,0.055,0.0002
2025-10-06,25183.5,282.91,10.133944297144563,5.645128825862358,0.0070292336145918455,0.005707110366546253,603,22,False,False,0.0070292336145918455,0.055,0.0002
2025-10-07,25230.1,283.65,10.135793005162721,5.647741083772576,0.001848708018158618,0.002612257910218574,604,21,False,False,0.001848708018158618,0.055,0.0002
2025-10-08,25115.0,282.48,10.131220556184145,5.643607751620131,-0.00457244897857656,-0.00413333215244549,605,20,False,False,-0.00457244897857656,0.055,0.0002
2025-10-09,25275.0,284.05,10.137571043888672,5.649150279003136,0.0063504877045268415,0.00554252738300498,606,19,False,False,0.0063504877045268415,0.055,0.0002
2025-10-10,25415.0,285.37,10.143094829881003,5.653786583890511,0.005523785992330943,0.004636304887375431,607,18,False,False,0.005523785992330943,0.055,0.0002
2025-10-13,25322.0,284.86,10.139428862080198,5.65199783150644,-0.003665967800804637,-0.0017887523840709463,608,15,False,False,-0.003665967800804637,0.055,0.0002
2025-10-14,25190.0,283.65,10.134202369346657,5.647741083772576,-0.005226492733541477,-0.004256747733863975,609,14,False,False,-0.005226492733541477,0.055,0.0002
2025-10-15,25433.6,286.0,10.143826413477388,5.655991810819852,0.00962404413073159,0.00825072704727603,610,13,False,False,0.00962404413073159,0.055,0.0002
2025-10-16,25651.2,288.51,10.152345633130327,5.6647297473925,0.008519219652939114,0.008737936572647875,611,12,False,False,0.008519219652939114,0.055,0.0002
2025-10-17,25751.2,290.22,10.156236506947794,5.670639256062947,0.003890873817466556,0.005909508670447039,612,11,False,False,0.003890873817466556,0.055,0.0002
2025-10-20,25932.0,292.0,10.163233006294886,5.676753802268282,0.006996499347092566,0.00611454620533447,613,8,False,False,0.006996499347092566,0.055,0.0002
2025-10-21,25866.0,291.62,10.16068464397519,5.6754515848881395,-0.0025483623196969063,-0.0013022173801422454,614,7,False,False,-0.0025483623196969063,0.055,0.0002
2025-10-23,25950.0,292.6,10.163926888594034,5.678806488586024,0.003242244618844481,0.0033549036978843816,615,5,False,False,0.003242244618844481,0.055,0.0002
2025-10-24,25813.7,291.2,10.15866063772692,5.674010316322531,-0.005266250867114408,-0.004796172263493048,616,4,False,False,-0.005266250867114408,0.055,0.0002
2025-10-27,26036.0,293.5,10.167235474692278,5.681877639268151,0.008574836965358656,0.007867322945620536,617,1,False,False,0.008574836965358656,0.055,0.0002
2025-10-28,25934.6,293.15,10.163333263493245,5.680684423410224,-0.003902211199033445,-0.001193215857927754,618,0,True,False,-0.003902211199033445,0.055,0.0002
2025-10-29,26260.0,294.5,10.175802147856787,5.685279003091641,0.012468884363542543,0.004594579681417521,619,27,False,True,0.004335121499696759,0.055,0.0002
2025-10-30,26037.4,292.75,10.167289244947353,5.679319002477826,-0.008512902909433961,-0.005960000613814742,620,26,False,False,-0.008512902909433961,0.055,0.0002
2025-10-31,25907.1,291.2,10.162272341394647,5.674010316322531,-0.005016903552705898,-0.005308686155295561,621,25,False,False,-0.005016903552705898,0.055,0.0002
2025-11-03,25904.4,291.3,10.162168117428832,5.674353663965389,-0.00010422396581510895,0.0003433476428584825,622,22,False,False,-0.00010422396581510895,0.055,0.0002
2025-11-04,25695.3,289.59,10.154063374781407,5.668466129528634,-0.008104742647425667,-0.005887534436755715,623,21,False,False,-0.008104742647425667,0.055,0.0002
2025-11-06,25637.8,288.45,10.151823103921144,5.664521760702899,-0.002240270860262683,-0.003944368825735012,624,19,False,False,-0.002240270860262683,0.055,0.0002
2025-11-07,25607.4,288.7,10.15063665119714,5.665388086668889,-0.0011864527240046385,0.0008663259659904554,625,18,False,False,-0.0011864527240046385,0.055,0.0002
2025-11-10,25696.9,289.77,10.15412564103973,5.669087504859315,0.0034889898425909394,0.0036994181904255186,626,15,False,False,0.0034889898425909394,0.055,0.0002
2025-11-11,25831.9,291.05,10.159365441263073,5.673495073717745,0.0052398002233431384,0.004407568858430189,627,14,False,False,0.0052398002233431384,0.055,0.0002
2025-11-12,25979.1,292.75,10.165047647592209,5.679319002477826,0.0056822063291352976,0.0058239287600816425,628,13,False,False,0.0056822063291352976,0.055,0.0002
2025-11-13,25951.0,292.91,10.163965423497029,5.679865394596054,-0.0010822240951799955,0.000546392118227601,629,12,False,False,-0.0010822240951799955,0.055,0.0002
2025-11-14,25972.0,293.0,10.164774313628378,5.680172609017068,0.0008088901313492158,0.00030721442101366847,630,11,False,False,0.0008088901313492158,0.055,0.0002
2025-11-17,26061.9,293.9,10.168229756693423,5.6832395734248715,0.003455443065044861,0.0030669644078038516,631,8,False,False,0.003455443065044861,0.055,0.0002
2025-11-18,25933.9,292.85,10.163306272159389,5.679660532535792,-0.004923484534034017,-0.0035790408890798986,632,7,False,False,-0.004923484534034017,0.055,0.0002
2025-11-19,26078.0,294.38,10.168847325983418,5.684871449764441,0.005541053824028808,0.005210917228649414,633,6,False,False,0.005541053824028808,0.055,0.0002
2025-11-20,26239.0,295.95,10.175002132575733,5.690190521136734,0.006154806592315154,0.005319071372293038,634,5,False,False,0.006154806592315154,0.055,0.0002
2025-11-21,26070.0,294.33,10.168540506927547,5.684701586843409,-0.006461625648185532,-0.005488934293325087,635,4,False,False,-0.006461625648185532,0.055,0.0002
2025-11-24,25967.6,293.12,10.164604886062108,5.680582081485765,-0.003935620865439304,-0.004119505357643938,636,1,False,False,-0.003935620865439304,0.055,0.0002
2025-11-25,25884.0,292.8,10.161380296177157,5.679489782087156,-0.0032245898849510013,-0.001092299398608887,637,0,True,False,-0.0032245898849510013,0.055,0.0002
2025-11-26,26390.0,296.17,10.18074042949737,5.69093361378729,0.01936013332021247,0.011443831700133522,638,34,False,True,0.01118437351841276,0.055,0.0002
2025-11-27,26395.0,296.6,10.180929877257716,5.692384429703832,0.00018944776034679478,0.0014508159165425027,639,33,False,False,0.00018944776034679478,0.055,0.0002
2025-11-28,26396.0,296.46,10.180967762503313,5.691912302085713,3.788524559666939e-05,-0.0004721276181189893,640,32,False,False,3.788524559666939e-05,0.055,0.0002
2025-12-01,26335.0,296.29,10.17865413191749,5.6913387044318595,-0.002313630585822679,-0.0005735976538536747,641,29,False,False,-0.002313630585822679,0.055,0.0002
2025-12-02,26228.0,294.96,10.17458282138351,5.686839753925889,-0.004071310533980466,-0.004498950505970711,642,28,False,False,-0.004071310533980466,0.055,0.0002
2025-12-03,26142.7,294.06,10.171325271821217,5.683783828149511,-0.0032575495622921835,-0.0030559257763780323,643,27,False,False,-0.0032575495622921835,0.055,0.0002
2025-12-04,26185.1,294.39,10.172945825686629,5.684905418886512,0.0016205538654112672,0.0011215907370010214,644,26,False,False,0.0016205538654112672,0.055,0.0002
2025-12-05,26336.0,296.0,10.178692103476797,5.69035945432406,0.0057462777901680084,0.005454035437548299,645,25,False,False,0.0057462777901680084,0.0525,0.0002
2025-12-08,26050.0,293.25,10.167773047181512,5.681025487533585,-0.010919056295284335,-0.009333966790475046,646,22,False,False,-0.010919056295284335,0.0525,0.0002
2025-12-09,25959.1,292.4,10.164277501495944,5.678122727875623,-0.0034955456855687572,-0.0029027596579620507,647,21,False,False,-0.0034955456855687572,0.0525,0.0002
2025-12-10,25855.0,291.6,10.160259284830321,5.675383000134503,-0.0040182166656226315,-0.0027397277411198573,648,20,False,False,-0.0040182166656226315,0.0525,0.0002
2025-12-11,26008.4,293.03,10.166174841748585,5.680274992854161,0.005915556918264286,0.004891992719658234,649,19,False,False,0.005915556918264286,0.0525,0.0002
2025-12-12,26148.0,294.85,10.17152798473262,5.686466752446513,0.0053531429840347755,0.006191759592351964,650,18,False,False,0.0053531429840347755,0.0525,0.0002
2025-12-15,26103.3,294.52,10.169817022099938,5.685346912500516,-0.0017109626326821115,-0.0011198399459972919,651,15,False,False,-0.0017109626326821115,0.0525,0.0002
2025-12-16,25932.1,292.64,10.163236862526846,5.678943184642556,-0.006580159573092104,-0.006403727857960284,652,14,False,False,-0.006580159573092104,0.0525,0.0002
2025-12-17,25912.9,291.9,10.162496193190258,5.676411277860069,-0.0007406693365883399,-0.0025319067824867147,653,13,False,False,-0.0007406693365883399,0.0525,0.0002
2025-12-18,25882.0,291.96,10.161303025381615,5.676616806583431,-0.0011931678086423148,0.00020552872336221384,654,12,False,False,-0.0011931678086423148,0.0525,0.0002
2025-12-19,26040.0,293.5,10.167389096322506,5.681877639268151,0.006086070940890309,0.005260832684720107,655,11,False,False,0.006086070940890309,0.0525,0.0002
2025-12-22,26202.0,295.68,10.173591022713616,5.689277788453319,0.006201926391110391,0.007400149185167848,656,8,False,False,0.006201926391110391,0.0525,0.0002
2025-12-23,26196.1,295.65,10.173365823707357,5.689176322266839,-0.00022519900625894707,-0.0001014661864804367,657,7,False,False,-0.00022519900625894707,0.0525,0.0002
2025-12-24,26164.1,295.54,10.172143521119358,5.688804191475488,-0.0012223025879993799,-0.0003721307913506777,658,6,False,False,-0.0012223025879993799,0.0525,0.0002
2025-12-26,26058.0,294.45,10.168080101762877,5.685109209390579,-0.00406341935648058,-0.0036949820849088155,659,4,False,False,-0.00406341935648058,0.0525,0.0002
2025-12-29,25955.6,293.36,10.16414266492729,5.68140052376307,-0.003937436835586894,-0.003708685627509034,660,1,False,False,-0.003937436835586894,0.0525,0.0002
2025-12-30,25937.4,293.5,10.163441221543936,5.681877639268151,-0.0007014433833543166,0.000477115505081116,661,0,True,False,-0.0007014433833543166,0.0525,0.0002
2025-12-31,26300.0,295.28,10.177324218165856,5.687924058721743,0.01388299662191983,0.006046419453591412,662,27,False,True,0.0057869612718706494,0.0525,0.0002
2026-01-01,26294.0,295.38,10.17709605525655,5.688262662998164,-0.000228162909305496,0.0003386042764210728,663,26,False,False,-0.000228162909305496,0.0525,0.0002
2026-01-02,26478.0,297.79,10.184069478497602,5.696388540102489,0.006973423241051435,0.008125877104324886,664,25,False,False,0.006973423241051435,0.0525,0.0002
2026-01-05,26329.0,296.4,10.178426272278042,5.6917098934219315,-0.0056432062195597155,-0.004678646680557286,665,22,False,False,-0.0056432062195597155,0.0525,0.0002
2026-01-06,26284.8,296.09,10.176746104322184,5.690663462163048,-0.00168016795585757,-0.0010464312588833735,666,21,False,False,-0.00168016795585757,0.0525,0.0002
2026-01-07,26235.1,295.75,10.174853487815472,5.689514502858496,-0.0018926165067121303,-0.0011489593045519442,667,20,False,False,-0.0018926165067121303,0.0525,0.0002
2026-01-08,25965.1,293.0,10.164508607609344,5.680172609017068,-0.010344880206128337,-0.009341893841428472,668,19,False,False,-0.010344880206128337,0.0525,0.0002
2026-01-09,25814.0,291.14,10.158672259395132,5.673804251136515,-0.00583634821421164,-0.0063683578805528995,669,18,False,False,-0.00583634821421164,0.0525,0.0002
2026-01-12,25878.0,292.0,10.161148465875899,5.676753802268282,0.0024762064807664075,0.002949551131766981,670,15,False,False,0.0024762064807664075,0.0525,0.0002
2026-01-13,25780.0,291.24,10.157354276493178,5.67414766952651,-0.0037941893827202477,-0.002606132741771461,671,14,False,False,-0.0037941893827202477,0.0525,0.0002
2026-01-14,25725.3,291.1,10.155230222441832,5.6736668507515775,-0.0021240540513467465,-0.0004808187749327786,672,13,False,False,-0.0021240540513467465,0.0525,0.0002
2026-01-16,25750.1,290.9,10.156193789579486,5.672979565501156,0.000963567137654664,-0.0006872852504216098,673,11,False,False,0.000963567137654664,0.0525,0.0002
2026-01-19,25574.4,289.34,10.149347130134071,5.667602467201444,-0.006846659445415071,-0.005377098299711669,674,8,False,False,-0.006846659445415071,0.0525,0.0002
2026-01-20,25267.6,287.0,10.137278221594098,5.659482215759621,-0.012068908539973222,-0.008120251441822823,675,7,False,False,-0.012068908539973222,0.0525,0.0002
2026-01-21,25188.0,285.31,10.134122969608633,5.653576308428883,-0.0031552519854649574,-0.005905907330738813,676,6,False,False,-0.0031552519854649574,0.0525,0.0002
2026-01-22,25373.5,286.82,10.141460601296336,5.658854841301066,0.007337631687702739,0.0052785328721833835,677,5,False,False,0.007337631687702739,0.0525,0.0002
2026-01-23,25080.0,284.0,10.129825994746858,5.648974238161206,-0.011634606549478121,-0.009880603139859723,678,4,False,False,-0.011634606549478121,0.0525,0.0002
2026-01-27,25174.0,285.89,10.133566994851451,5.655607121451769,0.0037410001045934393,0.0066328832905631074,679,0,True,False,0.0037410001045934393,0.0525,0.0002
2026-01-28,25450.0,286.74,10.144471021978669,5.6585758818181215,0.01090402712721783,0.0029687603663521855,680,27,False,True,0.0027093021846314232,0.0525,0.0002
2026-01-29,25538.0,287.49,10.147922817984627,5.66118807702378,0.00345179600595813,0.002612195205658807,681,26,False,False,0.00345179600595813,0.0525,0.0002
2026-01-30,25424.5,286.75,10.143468555040005,5.65861075600948,-0.00445426294462159,-0.0025773210143000824,682,25,False,False,-0.00445426294462159,0.0525,0.0002
2026-02-01,24800.0,282.37,10.118598932153073,5.643218267681419,-0.024869622886932063,-0.01539248832806095,683,23,False,False,-0.024869622886932063,0.0525,0.0002
2026-02-02,25149.2,284.5,10.132581365876835,5.6507332535663855,0.01398243372376129,0.00751498588496613,684,22,False,False,0.01398243372376129,0.0525,0.0002
2026-02-03,25823.1,291.2,10.15902471916124,5.674010316322531,0.026443353284404836,0.023277062756145384,685,21,False,False,0.026443353284404836,0.0525,0.0002
2026-02-04,25831.9,291.3,10.159365441263073,5.674353663965389,0.0003407221018338902,0.0003433476428584825,686,20,False,False,0.0003407221018338902,0.0525,0.0002
2026-02-05,25717.9,290.4,10.154942526495583,5.671259282950641,-0.004422914767490127,-0.0030943810147485706,687,19,False,False,-0.004422914767490127,0.0525,0.0002
2026-02-06,25728.2,290.8,10.155342945580319,5.672635745659364,0.00040041908473575916,0.0013764627087233805,688,18,False,False,0.00040041908473575916,0.0525,0.0002
2026-02-09,25909.0,292.4,10.162345677674331,5.678122727875623,0.007002732094012032,0.005486982216258873,689,15,False,False,0.007002732094012032,0.0525,0.0002
2026-02-10,25969.9,293.3,10.164693454052538,5.681195975983405,0.0023477763782064898,0.0030732481077819784,690,14,False,False,0.0023477763782064898,0.0525,0.0002
2026-02-11,25989.7,293.89,10.1654555846678,5.68320554766737,0.0007621306152625351,0.0020095716839652056,691,13,False,False,0.0007621306152625351,0.0525,0.0002
2026-02-12,25850.0,292.4,10.160065879936575,5.678122727875623,-0.005389704731225464,-0.005082819791747184,692,12,False,False,-0.005389704731225464,0.0525,0.0002
2026-02-13,25485.8,288.84,10.145876713295777,5.665872901582981,-0.014189166640797168,-0.012249826292642041,693,11,False,False,-0.014189166640797168,0.0525,0.0002
2026-02-16,25728.0,290.89,10.155335171978694,5.6729451888360325,0.00945845868291606,0.007072287253051535,694,8,False,False,0.00945845868291606,0.0525,0.0002
2026-02-17,25736.5,291.69,10.155665496768686,5.675691594489676,0.00033032478999217574,0.002746405653643258,695,7,False,False,0.00033032478999217574,0.0525,0.0002
2026-02-18,25825.0,292.06,10.159098293987839,5.676959260612326,0.0034327972191530165,0.0012676661226498354,696,6,False,False,0.0034327972191530165,0.0525,0.0002
2026-02-19,25410.0,288.1,10.142898076314209,5.663307642090483,-0.01620021767362978,-0.013651618521842934,697,5,False,False,-0.01620021767362978,0.0525,0.0002
2026-02-20,25578.1,289.08,10.149491795595443,5.666703466414781,0.0065937192812342005,0.003395824324297969,698,4,False,False,0.0065937192812342005,0.0525,0.0002
2026-02-23,25701.0,290.4,10.154285180632154,5.671259282950641,0.0047933850367112285,0.004555816535860124,699,1,False,False,0.0047933850367112285,0.0525,0.0002
2026-02-24,25423.4,288.0,10.14342528874975,5.662960480135946,-0.010859891882404327,-0.008298802814694639,700,0,True,False,-0.010859891882404327,0.0525,0.0002
2026-02-25,25625.7,288.6,10.151351033140775,5.665041646339771,0.007925744391025447,0.0020811662038244805,701,33,False,True,0.0018217080221037182,0.0525,0.0002
2026-02-26,25635.0,288.65,10.1517138842178,5.665214881506943,0.00036285107702482833,0.0001732351671721588,702,32,False,False,0.00036285107702482833,0.0525,0.0002
2026-02-27,25335.5,285.97,10.139961853258981,5.6558869102130815,-0.011752030958819049,-0.009327971293861204,703,31,False,False,-0.011752030958819049,0.0525,0.0002
2026-03-02,24988.0,282.0,10.12615098861346,5.641907070938114,-0.013810864645520837,-0.01397983927496771,704,28,False,False,-0.013810864645520837,0.0525,0.0002
2026-03-04,24578.3,277.7,10.10961921880797,5.626541394312754,-0.01653176980549098,-0.015365676625360258,705,26,False,False,-0.01653176980549098,0.0525,0.0002
2026-03-05,24831.0,280.39,10.119848151553505,5.636181491186394,0.010228932745535602,0.009640096873640758,706,25,False,False,0.010228932745535602,0.0525,0.0002
2026-03-06,24560.2,278.2,10.108882525550397,5.6283402794893425,-0.010965626003107687,-0.007841211697051875,707,24,False,False,-0.010965626003107687,0.0525,0.0002
2026-03-09,24092.0,272.7,10.089635114163611,5.608372289851543,-0.019247411386785984,-0.019967989637799555,708,21,False,False,-0.019247411386785984,0.0525,0.0002
2026-03-10,24405.1,275.3,10.102547405833853,5.617861412148562,0.012912291670241771,0.009489122297019037,709,20,False,False,0.012912291670241771,0.0525,0.0002
2026-03-11,23918.0,270.42,10.082386592528753,5.599976305930612,-0.020160813305100334,-0.017885106217949698,710,19,False,False,-0.020160813305100334,0.0525,0.0002
2026-03-12,23725.0,268.07,10.074284623478128,5.591248140435486,-0.008101969050624547,-0.00872816549512656,711,18,False,False,-0.008101969050624547,0.0525,0.0002
2026-03-13,23225.0,264.0,10.05298456368204,5.575949103146316,-0.021300059796088178,-0.015299037289169704,712,17,False,False,-0.021300059796088178,0.0525,0.0002
2026-03-16,23390.0,264.99,10.060063859578225,5.5796920894251505,0.007079295896184945,0.0037429862788345147,713,14,False,False,0.007079295896184945,0.0525,0.0002
2026-03-17,23613.5,267.2,10.069573861362983,5.58799744166249,0.009510001784757804,0.008305352237339747,714,13,False,False,0.009510001784757804,0.0525,0.0002
2026-03-18,23775.0,269.1,10.07638988741359,5.59508305773286,0.006816026050607604,0.007085616070369838,715,12,False,False,0.006816026050607604,0.0525,0.0002
2026-03-19,23124.9,262.39,10.048665238046953,5.569831946587641,-0.027724649366637877,-0.025251111145219163,716,11,False,False,-0.027724649366637877,0.0525,0.0002
2026-03-20,23143.0,262.5,10.049447637979663,5.570251082031678,0.0007823999327101205,0.0004191354440372663,717,10,False,False,0.0007823999327101205,0.0525,0.0002
2026-03-23,22496.1,255.79,10.02109723983522,5.544356795339151,-0.02835039814444329,-0.02589428669252758,718,7,False,False,-0.02835039814444329,0.0525,0.0002
2026-03-24,22976.7,261.5,10.04223593795767,5.566434283504978,0.02113869812245106,0.02207748816582722,719,6,False,False,0.02113869812245106,0.0525,0.0002
2026-03-25,23315.0,264.0,10.056852209242422,5.575949103146316,0.014616271284751292,0.009514819641338157,720,5,False,False,0.014616271284751292,0.0525,0.0002
2026-03-27,22801.7,259.45,10.034590373566477,5.558564005813748,-0.022261835675944752,-0.017385097332567767,721,3,False,False,-0.022261835675944752,0.0525,0.0002
2026-03-30,22330.0,255.26,10.013686344834204,5.542282633554545,-0.02090402873227326,-0.01628137225920323,722,0,True,False,-0.02090402873227326,0.0525,0.0002
2026-04-01,22828.0,257.99,10.035743131656599,5.552920824480519,0.02205678682239487,0.010638190925973845,723,27,False,True,0.010378732744253083,0.0525,0.0005
2026-04-02,22783.2,257.98,10.033778701235699,5.55288206253699,-0.0019644304208998875,-3.8761943528697884e-05,724,26,False,False,-0.0019644304208998875,0.0525,0.0005
2026-04-06,23050.2,260.2,10.045429725176739,5.561450566078405,0.011651023941039895,0.00856850354141514,725,22,False,False,0.011651023941039895,0.0525,0.0005
2026-04-07,23165.0,261.64,10.05039779785075,5.566969513093012,0.004968072674010671,0.0055189470146066455,726,21,False,False,0.004968072674010671,0.0525,0.0005
2026-04-08,24085.0,271.99,10.089344519064321,5.6057653009142765,0.03894672121357168,0.03879578782126458,727,20,False,False,0.03894672121357168,0.0525,0.0005
2026-04-09,23860.3,269.7,10.079971268917372,5.597310230145684,-0.009373250146948564,-0.008455070768592421,728,19,False,False,-0.009373250146948564,0.0525,0.0005
2026-04-10,24106.2,272.15,10.090224347803492,5.606353384880209,0.010253078886119482,0.009043154734524883,729,18,False,False,0.010253078886119482,0.0525,0.0005
2026-04-13,23850.0,269.34,10.079539496316487,5.595974522021896,-0.01068485148700482,-0.01037886285831302,730,15,False,False,-0.01068485148700482,0.0525,0.0005
2026-04-15,24225.0,273.7,10.095140436758967,5.612032616046633,0.015600940442480393,0.016058094024737457,731,13,False,False,0.015600940442480393,0.0525,0.0005
2026-04-16,24185.0,273.8,10.093487885257083,5.612397912854348,-0.0016525515018841475,0.0003652968077147989,732,12,False,False,-0.0016525515018841475,0.0525,0.0005
2026-04-17,24390.0,276.0,10.101928491209966,5.62040086571715,0.008440605952882763,0.008002952862801394,733,11,False,False,0.008440605952882763,0.0525,0.0005
2026-04-20,24312.0,274.9,10.09872533459663,5.6164073951712,-0.0032031566133365885,-0.003993470545949229,734,8,False,False,-0.0032031566133365885,0.0525,0.0005
2026-04-21,24585.2,277.59,10.109899914854642,5.626145204929048,0.011174580258012767,0.00973780975784777,735,7,False,False,0.011174580258012767,0.0525,0.0005
2026-04-22,24385.0,275.74,10.101723468144153,5.619458392743483,-0.008176446710489671,-0.006686812185565216,736,6,False,False,-0.008176446710489671,0.0525,0.0005
2026-04-23,24166.0,273.8,10.092701965587253,5.612397912854348,-0.009021502556899819,-0.007060479889134719,737,5,False,False,-0.009021502556899819,0.0525,0.0005
2026-04-24,23930.0,271.34,10.082888180902419,5.603372647057163,-0.009813784684833848,-0.009025265797185433,738,4,False,False,-0.009813784684833848,0.0525,0.0005
2026-04-27,24130.0,272.72,10.091211158619078,5.6084456278296475,0.008322977716659352,0.0050729807724847475,739,1,False,False,0.008322977716659352,0.0525,0.0005
2026-04-28,23994.1,271.8,10.085563245774782,5.605066501717044,-0.005647912844295888,-0.003379126112603714,740,0,True,False,-0.005647912844295888,0.0525,0.0005
2026-04-29,24232.0,273.0,10.095429352707074,5.60947179518496,0.009866106932291174,0.0044052934679159605,741,27,False,True,0.004145835286195198,0.0525,0.0005
2026-04-30,24136.0,272.59,10.091459780838896,5.607968834803799,-0.003969571868177368,-0.0015029603811607117,742,26,False,False,-0.003969571868177368,0.0525,0.0005
2026-05-04,24190.0,273.2,10.093694603604073,5.610204127696635,0.002234822765176503,0.0022352928928359717,743,22,False,False,0.002234822765176503,0.0525,0.0005
2026-05-05,24129.4,272.49,10.091186292997042,5.607601916182232,-0.002508310607030495,-0.0026022115144028746,744,21,False,False,-0.002508310607030495,0.0525,0.0005
2026-05-06,24466.8,275.85,10.105072375510929,5.61985723971844,0.013886082513886677,0.012255323536208174,745,20,False,False,0.013886082513886677,0.0525,0.0005
2026-05-07,24405.0,275.4,10.102543308321248,5.618224586294555,-0.0025290671896804895,-0.0016326534238855217,746,19,False,False,-0.0025290671896804895,0.0525,0.0005
2026-05-08,24228.7,274.0,10.09529315987432,5.6131281063880705,-0.007250148446928506,-0.005096479906484319,747,18,False,False,-0.007250148446928506,0.0525,0.0005
2026-05-11,23860.0,270.1,10.079958695651907,5.59879226079857,-0.015334464222412691,-0.014335845589500629,748,15,False,False,-0.015334464222412691,0.0525,0.0005
2026-05-12,23470.0,265.53,10.063478288845069,5.581727828648895,-0.016480406806838488,-0.01706443214967468,749,14,False,False,-0.016480406806838488,0.0525,0.0005
2026-05-13,23481.0,265.62,10.063946862472948,5.582066715972105,0.0004685736278791097,0.0003388873232097467,750,13,False,False,0.0004685736278791097,0.0525,0.0005
2026-05-14,23739.0,268.47,10.074874544277304,5.592739175862877,0.010927681804355771,0.010672459890772146,751,12,False,False,0.010927681804355771,0.0525,0.0005
2026-05-15,23658.0,267.88,10.071456603105682,5.59053911904185,-0.003417941171621308,-0.0022000568210271965,752,11,False,False,-0.003417941171621308,0.0525,0.0005
2026-05-18,23659.0,267.7,10.071498871212288,5.589866950526307,4.2268106605902744e-05,-0.0006721685155426371,753,8,False,False,4.2268106605902744e-05,0.0525,0.0005
2026-05-19,23605.0,267.8,10.069213832980386,5.5902404332570725,-0.002285038231901737,0.0003734827307653177,754,7,False,False,-0.002285038231901737,0.0525,0.0005
2026-05-20,23695.0,268.2,10.073019334401689,5.591732970847578,0.0038055014213025373,0.0014925375905052718,755,6,False,False,0.0038055014213025373,0.0525,0.0005
2026-05-21,23635.0,268.08,10.070483943227337,5.591285443429055,-0.002535391174351531,-0.00044752741852249756,756,5,False,False,-0.002535391174351531,0.0525,0.0005
2026-05-22,23780.0,269.5,10.076600170244772,5.596568390349052,0.006116227017434639,0.005282946919996867,757,4,False,False,0.006116227017434639,0.0525,0.0005
2026-05-25,24115.0,272.5,10.090589332503072,5.607638614103299,0.013989162258299714,0.011070223754246378,758,1,False,False,0.013989162258299714,0.0525,0.0005
2026-05-26,23911.2,271.07,10.082102247398756,5.602377090108358,-0.008487085104315284,-0.005261523994940731,759,0,True,False,-0.008487085104315284,0.0525,0.0005
2026-05-27,24001.0,271.11,10.085850775128717,5.602524642581974,0.0037485277299609265,0.00014755247361630808,760,34,False,True,-0.00011190570810445418,0.0525,0.0005
2026-05-29,23744.4,268.25,10.075101992186395,5.591919381510808,-0.010748782942322066,-0.010605261071166439,761,32,False,False,-0.010748782942322066,0.0525,0.0005
2026-06-01,23459.9,266.0,10.063047859623786,5.583496308781699,-0.012054132562608899,-0.008423072729108583,762,29,False,False,-0.012054132562608899,0.0525,0.0005
2026-06-02,23605.8,266.35,10.069247723530857,5.584811233363008,0.006199863907070835,0.001314924581309107,763,28,False,False,0.006199863907070835,0.0525,0.0005
2026-06-03,23489.6,265.3,10.064313048985197,5.580861261143694,-0.0049346745456606556,-0.003949972219314368,764,27,False,False,-0.0049346745456606556,0.0525,0.0005
2026-06-04,23527.0,265.92,10.065903976780419,5.583195511667084,0.0015909277952221856,0.002334250523389869,765,26,False,False,0.0015909277952221856,0.0525,0.0005
2026-06-05,23440.0,265.6,10.06219924369095,5.5819914176022785,-0.003704733089469059,-0.0012040940648052612,766,25,False,False,-0.003704733089469059,0.0525,0.0005
2026-06-08,23147.9,262.48,10.04965934265675,5.570174888652846,-0.01253990103420044,-0.011816528949432303,767,22,False,False,-0.01253990103420044,0.0525,0.0005
2026-06-09,23347.0,264.05,10.058223775185438,5.5761384791529425,0.008564432528688215,0.005963590500096316,768,21,False,False,0.008564432528688215,0.0525,0.0005
2026-06-10,23236.0,263.05,10.053458079112422,5.572344128176816,-0.004765696073015135,-0.0037943509761264593,769,20,False,False,-0.004765696073015135,0.0525,0.0005
2026-06-11,23227.9,262.94,10.053109421333716,5.571925869268458,-0.0003486577787068512,-0.00041825890835767154,770,19,False,False,-0.0003486577787068512,0.0525,0.0005
2026-06-12,23714.9,268.1,10.073858821562332,5.591360045241914,0.02074940022861682,0.01943417597345576,771,18,False,False,0.02074940022861682,0.0525,0.0005
2026-06-15,23930.0,270.7,10.082888180902419,5.601011196620256,0.009029359340086529,0.009651151378341716,772,15,False,False,0.009029359340086529,0.0525,0.0005
2026-06-16,24007.0,271.66,10.086100733470296,5.604551284394344,0.003212552567877225,0.0035400877740885406,773,14,False,False,0.003212552567877225,0.0525,0.0005
2026-06-17,24089.9,273.0,10.089547944500259,5.60947179518496,0.0034472110299628156,0.0049205107906153955,774,13,False,False,0.0034472110299628156,0.0525,0.0005
2026-06-18,24206.0,274.1,10.094355815298549,5.61349300330874,0.004807870798289926,0.004021208123780262,775,12,False,False,0.004807870798289926,0.0525,0.0005
2026-06-19,24077.0,273.18,10.089012306943829,5.610130918574746,-0.005343508354719972,-0.0033620847339941307,776,11,False,False,-0.005343508354719972,0.0525,0.0005
2026-06-22,24122.4,273.68,10.09089614837864,5.611959540669349,0.0018838414348110177,0.001828622094603105,777,8,False,False,0.0018838414348110177,0.0525,0.0005
2026-06-23,23810.0,270.53,10.077860939480908,5.600382997867079,-0.013035208897731465,-0.011576542802269607,778,7,False,False,-0.013035208897731465,0.0525,0.0005
2026-06-24,24054.7,272.74,10.088085682636121,5.608518960429688,0.010224743155212934,0.008135962562608512,779,6,False,False,0.010224743155212934,0.0525,0.0005
2026-06-25,24105.0,273.55,10.090174566839723,5.611484420509835,0.0020888842036015376,0.0029654600801469755,780,5,False,False,0.0020888842036015376,0.0525,0.0005
2026-06-29,23978.6,272.44,10.084917044892224,5.607418406373117,-0.005257521947498844,-0.004066014136717477,781,1,False,False,-0.005257521947498844,0.0525,0.0005
2026-06-30,23864.3,272.43,10.080138897352576,5.607381700369847,-0.004778147539648003,-3.670600327065898e-05,782,0,True,False,-0.004778147539648003,0.0525,0.0005
2026-07-01,24084.0,272.85,10.089302998584339,5.608922193632241,0.0091641012317627,0.001540493262393916,783,27,False,True,0.0012810350806731537,0.0525,0.0005
2026-07-02,24269.5,274.3,10.096975696942712,5.614222397943558,0.007672698358373253,0.00530020431131728,784,26,False,False,0.007672698358373253,0.0525,0.0005
2026-07-03,24355.4,276.0,10.100508869838068,5.62040086571715,0.0035331728953558184,0.006178467773591656,785,25,False,False,0.0035331728953558184,0.0525,0.0005
2026-07-06,24479.9,277.45,10.1056076516506,5.62564073677191,0.005098781812531428,0.0052398710547603145,786,22,False,False,0.005098781812531428,0.0525,0.0005
2026-07-07,24410.0,276.75,10.102748163387005,5.623114571588746,-0.0028594882635939456,-0.00252616518316362,787,21,False,False,-0.0028594882635939456,0.0525,0.0005
2026-07-08,23892.6,271.7,10.081324066545408,5.604698516432302,-0.021424096841597517,-0.018416055156444067,788,20,False,False,-0.021424096841597517,0.0525,0.0005
2026-07-09,24005.0,272.95,10.08601742096504,5.609288628227767,0.004693354419632811,0.0045901117954647574,789,19,False,False,0.004693354419632811,0.0525,0.0005
2026-07-10,24249.9,275.29,10.096167772645787,5.617825087478658,0.010150351680746184,0.008536459250890971,790,18,False,False,0.010150351680746184,0.0525,0.0005
2026-07-13,24248.0,275.15,10.09608941873764,5.617316403505768,-7.835390814747711e-05,-0.000508683972889834,791,15,False,False,-7.835390814747711e-05,0.0525,0.0005
2026-07-14,24022.0,273.45,10.086725356114435,5.611118789792782,-0.009364062623204106,-0.006197613712986438,792,14,False,False,-0.009364062623204106,0.0525,0.0005
2026-07-15,24075.0,273.7,10.088929236666326,5.612032616046633,0.002203880551890691,0.0009138262538517239,793,13,False,False,0.002203880551890691,0.0525,0.0005
2026-07-16,24100.0,274.18,10.089967119478747,5.613784825007754,0.0010378828124206763,0.001752208961121049,794,12,False,False,0.0010378828124206763,0.0525,0.0005
2026-07-17,24344.0,276.6,10.100040691576806,5.622572419230658,0.010073572098059813,0.00878759422290365,795,11,False,False,0.010073572098059813,0.0525,0.0005
2026-07-20,24269.0,275.69,10.096955094740336,5.619277046062537,-0.0030855968364704722,-0.0032953731681208964,796,8,False,False,-0.0030855968364704722,0.0525,0.0005
2026-07-21,24185.0,275.18,10.093487885257083,5.61742542899967,-0.0034672094832526312,-0.0018516170628668505,797,7,False,False,-0.0034672094832526312,0.0525,0.0005
2026-07-22,23983.2,273.44,10.08510886421569,5.6110822193672805,-0.008379021041394097,-0.006343209632389879,798,6,False,False,-0.008379021041394097,0.0525,0.0005
2026-07-23,23886.0,272.19,10.081047792228372,5.606500351849647,-0.004061071987317533,-0.004581867517633675,799,5,False,False,-0.004061071987317533,0.0525,0.0005
2026-07-24,23830.9,271.48,10.078738336899546,5.603888471835558,-0.002309455328825649,-0.002611880014089074,800,4,False,False,-0.002309455328825649,0.0525,0.0005
2026-07-27,24039.5,273.7,10.087453589763964,5.612032616046633,0.008715252864417877,0.008144144211075677,801,1,False,False,0.008715252864417877,0.0525,0.0005
2026-07-28,23983.2,273.81,10.08510886421569,5.612434435196896,-0.0023447255482746954,0.0004018191502623836,802,0,True,False,-0.0023447255482746954,0.0525,0.0005
2026-07-29,24303.4,275.6,10.098371537236545,5.618950539139504,0.013262673020856042,0.0065161039426078204,803,27,False,True,0.006256645760887058,0.0525,0.0005
2026-07-30,24357.3,276.45,10.100586878242487,5.622029972783942,0.0022153410059413403,0.00307943364443819,804,26,False,False,0.0022153410059413403,0.0525,0.0005
2026-07-31,24430.0,277.35,10.103567164251785,5.6252802465012435,0.0029802860092988936,0.0032502737173016882,805,25,False,False,0.0029802860092988936,0.0525,0.0005
2026-08-03,24646.0,279.99,10.112369894498068,5.634753888245765,0.008802730246282309,0.009473641744521366,806,22,False,False,0.008802730246282309,0.0525,0.0005
2026-08-04,24566.0,278.8,10.10911865209904,5.630494678886369,-0.003251242399027632,-0.0042592093593958325,807,21,False,False,-0.003251242399027632,0.0525,0.0005
2026-08-05,24650.0,280.0,10.112532179470836,5.634789603169249,0.003413527371796121,0.0042949242828802525,808,20,False,False,0.003413527371796121,0.0525,0.0005
2026-08-06,24745.0,280.5,10.116378727385987,5.636573724962751,0.003846547915150822,0.0017841217935021803,809,19,False,False,0.003846547915150822,0.0525,0.0005
2026-08-07,24655.7,279.7,10.112763390062122,5.633717600207914,-0.0036153373238647646,-0.002856124754837097,810,18,False,False,-0.0036153373238647646,0.0525,0.0005
