date,lnF,lnB,dlnF,dlnB,t,DTE,lnR,z,week,regime
2023-05-02,9.8092867571373,5.289276621895888,,,0,23,4.520010135241413,,21+ days,Thursday
2023-05-03,9.806277068296502,5.286143565616328,-0.003009688840798219,-0.0031330562795597316,1,22,4.520133502680174,,21+ days,Thursday
2023-05-04,9.813945703874634,5.295112235599088,0.007668635578131244,0.008968669982760247,2,21,4.518833468275545,,21+ days,Thursday
2023-05-05,9.805328819453486,5.287711320760812,-0.00861688442114783,-0.007400914838275874,3,20,4.517617498692673,,14-20 days,Thursday
2023-05-08,9.81561216603412,5.297817241506355,0.01028334658063379,0.010105920745542285,4,17,4.517794924527765,,14-20 days,Thursday
2023-05-09,9.814863967546403,5.297066584646384,-0.0007481984877166781,-0.0007506568599708885,5,16,4.517797382900019,,14-20 days,Thursday
2023-05-10,9.817003309314352,5.299366815683608,0.0021393417679487214,0.0023002310372239876,6,15,4.517636493630744,,14-20 days,Thursday
2023-05-11,9.817875196460205,5.3003153692107094,0.0008718871458537336,0.0009485535271016587,7,14,4.517559827249496,,14-20 days,Thursday
2023-05-12,9.816512538521721,5.2988172415896875,-0.0013626579384844462,-0.0014981276210219718,8,13,4.517695296932033,,7-13 days,Thursday
2023-05-15,9.820540631715202,5.305193670487469,0.004028093193481297,0.006376428897781672,9,10,4.515346961227733,,7-13 days,Thursday
2023-05-16,9.816081552238415,5.300814246746624,-0.004459079476786698,-0.004379423740845212,10,9,4.515267305491792,,7-13 days,Thursday
2023-05-17,9.81093082849087,5.297817241506355,-0.005150723747545882,-0.002997005240269246,11,8,4.513113586984515,,7-13 days,Thursday
2023-05-18,9.80807736773147,5.294259143087182,-0.0028534607594004058,-0.0035580984191723175,12,7,4.513818224644287,,7-13 days,Thursday
2023-05-19,9.810878720803466,5.296565833509231,0.0028013530719963597,0.002306690422048341,13,6,4.514312887294235,,0-6 days,Thursday
2023-05-22,9.816016069714042,5.301811255802292,0.005137348910576378,0.0052454222930613525,14,3,4.51420481391175,,0-6 days,Thursday
2023-05-23,9.817826172980672,5.302807271820889,0.0018101032666297812,0.0009960160185968903,15,2,4.515018901159783,,0-6 days,Thursday
2023-05-24,9.814710982145282,5.3007643701910885,-0.0031151908353894697,-0.0020429016298004754,16,1,4.513946611954194,,0-6 days,Thursday
2023-05-25,9.816016069714042,5.303006356034168,0.0013050875687596886,0.0022419858430797746,17,0,4.513009713679874,,0-6 days,Thursday
2023-05-26,9.82931342434799,5.313698468586339,0.013297354633948544,0.01069211255217084,18,33,4.515614955761651,,21+ days,Thursday
2023-05-29,9.834941010001018,5.318610069815799,0.005627585653027012,0.004911601229459883,19,30,4.5163309401852185,,21+ days,Thursday
2023-05-30,9.837347750031583,5.320812444375408,0.002406740030565402,0.0022023745596086997,20,29,4.516535305656175,,21+ days,Thursday
2023-05-31,9.832257358680398,5.316157284676367,-0.005090391351185275,-0.00465515969904029,21,28,4.51610007400403,,21+ days,Thursday
2023-06-01,9.829515340397368,5.313599990079194,-0.002742018283029779,-0.002557294597173687,22,27,4.515915350318174,,21+ days,Thursday
2023-06-02,9.832614342892336,5.316157284676367,0.003099002494968417,0.002557294597173687,23,26,4.516457058215969,,21+ days,Thursday
2023-06-05,9.836439217783001,5.319589501823576,0.0038248748906646313,0.0034322171472087604,24,23,4.516849715959425,,21+ days,Thursday
2023-06-06,9.835369298459838,5.319050932934943,-0.0010699193231626936,-0.0005385688886327955,25,22,4.516318365524895,,21+ days,Thursday
2023-06-07,9.84161214881804,5.324472324024888,0.006242850358201935,0.0054213910899445494,26,21,4.517139824793152,,21+ days,Thursday
2023-06-08,9.83745458193169,5.321056853517526,-0.004157566886350494,-0.003415470507361462,27,20,4.516397728414163,,14-20 days,Thursday
2023-06-09,9.832528463595635,5.318070973034873,-0.004926118336054941,-0.002985880482653691,28,19,4.514457490560762,,14-20 days,Thursday
2023-06-12,9.835765302039748,5.320812444375408,0.003236838444113488,0.002741471340534929,29,16,4.5149528576643405,,14-20 days,Thursday
2023-06-13,9.840329411568657,5.3255433528016285,0.004564109528908844,0.0047309084262208145,30,15,4.5147860587670285,,14-20 days,Thursday
2023-06-14,9.842053540751989,5.326856231354458,0.0017241291833318684,0.0013128785528291331,31,14,4.515197309397531,,14-20 days,Thursday
2023-06-15,9.838362192575666,5.324472324024888,-0.003691348176323217,-0.0023839073295697233,32,13,4.513889868550778,,7-13 days,Thursday
2023-06-16,9.84665261578359,5.331220086223745,0.008290423207924391,0.006747762198856755,33,12,4.515432529559845,,7-13 days,Thursday
2023-06-19,9.843843699608612,5.327390614033744,-0.0028089161749775826,-0.0038294721900005158,34,9,4.516453085574868,,7-13 days,Thursday
2023-06-20,9.845805472195043,5.331268466687723,0.001961772586430044,0.003877852653978664,35,8,4.51453700550732,,7-13 days,Thursday
2023-06-21,9.846655261982788,5.332767101277263,0.0008497897877450811,0.0014986345895398046,36,7,4.513888160705525,,7-13 days,Thursday
2023-06-22,9.843448228149729,5.329331420077207,-0.003207033833058759,-0.0034356812000559955,37,6,4.514116808072522,,0-6 days,Thursday
2023-06-23,9.836385748995392,5.323351384267679,-0.007062479154336998,-0.005980035809527884,38,5,4.513034364727713,,0-6 days,Thursday
2023-06-26,9.837222207963473,5.324521032044673,0.0008364589680809331,0.0011696477769946867,39,2,4.512701175918799,,0-6 days,Thursday
2023-06-27,9.842409703027538,5.329622216376449,0.005187495064065573,0.005101184331775421,40,1,4.5127874866510895,,0-6 days,Thursday
2023-06-28,9.850722122456787,5.339219357868463,0.008312419429248763,0.00959714149201396,41,0,4.511502764588324,,0-6 days,Thursday
2023-06-30,9.86614906688076,5.350245459408396,0.01542694442397341,0.011026101539933109,42,27,4.515903607472365,,21+ days,Thursday
2023-07-03,9.873749734272172,5.357152152268929,0.00760066739141152,0.006906692860533248,43,24,4.516597582003243,,21+ days,Thursday
2023-07-04,9.876070105955177,5.3616676820487985,0.0023203716830053622,0.004515529779869354,44,23,4.514402423906379,,21+ days,Thursday
2023-07-05,9.877046036505297,5.36138605801502,0.0009759305501191307,-0.0002816240337786269,45,22,4.515659978490277,,21+ days,Thursday
2023-07-06,9.880116566212887,5.36550861608836,0.003070529707590808,0.004122558073340166,46,21,4.514607950124527,,21+ days,Thursday
2023-07-07,9.87261588886904,5.3610573963692225,-0.007500677343847073,-0.0044512197191375336,47,20,4.511558492499818,,14-20 days,Thursday
2023-07-10,9.874367653962276,5.359976746934764,0.0017517650932354911,-0.0010806494344581807,48,17,4.5143909070275114,,14-20 days,Thursday
2023-07-11,9.878989920935728,5.364292355471569,0.004622266973452582,0.004315608536805016,49,16,4.514697565464159,,14-20 days,Thursday
2023-07-12,9.876036702002459,5.362934009634009,-0.002953218933269497,-0.0013583458375601154,50,15,4.51310269236845,,14-20 days,Thursday
2023-07-13,9.87808512558714,5.36480710781687,0.002048423584680492,0.001873098182860744,51,14,4.513278017770269,,14-20 days,Thursday
2023-07-14,9.884508585938326,5.371103036273684,0.00642346035118635,0.006295928456814259,52,13,4.5134055496646415,,7-13 days,Thursday
2023-07-17,9.889880393629898,5.37805233456689,0.005371807691572528,0.006949298293205786,53,10,4.511828059063008,,7-13 days,Thursday
2023-07-18,9.892029660884013,5.380127741745603,0.002149267254115017,0.002075407178712574,54,9,4.511901919138411,,7-13 days,Thursday
2023-07-19,9.896918523632886,5.384724394288775,0.004888862748872569,0.004596652543172652,55,8,4.512194129344111,,7-13 days,Thursday
2023-07-20,9.90184119803799,5.389117390874476,0.004922674405104743,0.0043929965857003594,56,7,4.512723807163515,,7-13 days,Thursday
2023-07-21,9.893767970058505,5.3831179682405015,-0.008073227979485509,-0.0059994226339741275,57,6,4.510650001818004,,0-6 days,Thursday
2023-07-24,9.887464872230497,5.3785600542242396,-0.006303097828007864,-0.0045579140162619325,58,3,4.508904818006258,,0-6 days,Thursday
2023-07-25,9.888120075405006,5.378698478494849,0.0006552031745084008,0.00013842427060950513,59,2,4.5094215969101565,,0-6 days,Thursday
2023-07-26,9.89202207442685,5.38357721049886,0.0039019990218438494,0.0048787320040108995,60,1,4.5084448639279895,-2.3907929000075243,0-6 days,Thursday
2023-07-27,9.886249833049792,5.379989515192062,-0.005772241377057341,-0.0035876953067983663,61,0,4.5062603178577305,-3.307910286165377,0-6 days,Thursday
2023-07-28,9.890062843013371,5.3768974666708935,0.0038130099635793613,-0.003092048521168067,62,34,4.513165376342478,1.4531479324842893,21+ days,Thursday
2023-07-31,9.89527643337711,5.382428709166689,0.005213590363737808,0.0055312424957953965,63,31,4.51284772421042,1.101342782281726,21+ days,Thursday
2023-08-01,9.894091043295456,5.381278887262384,-0.0011853900816536367,-0.0011498219043053481,64,30,4.512812156033072,1.1553349129843131,21+ days,Thursday
2023-08-02,9.882583068418619,5.371567828287629,-0.011507974876836968,-0.009711058974754216,65,29,4.511015240130989,0.3975296143980465,21+ days,Thursday
2023-08-03,9.87657873597891,5.364573162325102,-0.0060043324397085485,-0.006994665962527513,66,28,4.512005573653808,1.2348344949245533,21+ days,Thursday
2023-08-04,9.881916562607985,5.370963556532891,0.005337826629075337,0.006390394207788752,67,27,4.510953006075095,0.36996207740268533,21+ days,Thursday
2023-08-07,9.886544831805816,5.375139509149321,0.004628269197830548,0.004175952616430223,68,24,4.511405322656495,0.610759253371414,21+ days,Thursday
2023-08-08,9.883641924315421,5.3745837220014865,-0.0029029074903945684,-0.0005557871478343301,69,23,4.509058202313935,-0.7475709107722366,21+ days,Thursday
2023-08-09,9.888033755355599,5.377590547442544,0.004391831040177152,0.003006825441057792,70,22,4.510443207913054,0.18463057319662632,21+ days,Thursday
2023-08-10,9.883340966092783,5.372682448503343,-0.004692789262815467,-0.004908098939201189,71,21,4.51065851758944,0.49291931529116095,21+ days,Thursday
2023-08-11,9.878267175702705,5.368309738368072,-0.005073790390078159,-0.004372710135271518,72,20,4.509957437334633,0.18854546557757218,14-20 days,Thursday
2023-08-14,9.87668916185052,5.3680766109628895,-0.001578013852185478,-0.00023312740518210973,73,17,4.50861255088763,-0.5652933093136387,14-20 days,Thursday
2023-08-16,9.876424632986438,5.3686826292086005,-0.00026452886408101506,0.0006060182457110486,74,15,4.507742003777838,-0.9510460448086606,14-20 days,Thursday
2023-08-17,9.872324489155542,5.36410510708604,-0.004100143830896741,-0.004577522122560573,75,14,4.508219382069502,-0.340135272371619,14-20 days,Thursday
2023-08-18,9.868689046993433,5.360822571899434,-0.0036354421621087596,-0.003282535186605706,76,13,4.507866475093999,-0.3321834136323885,7-13 days,Thursday
2023-08-21,9.87304380884938,5.362558968609502,0.004354761855946521,0.0017363967100676447,77,10,4.510484840239878,1.4125682299110756,7-13 days,Thursday
2023-08-22,9.872048483700748,5.363543151465744,-0.0009953251486312098,0.0009841828562420218,78,9,4.508505332235004,0.06858406936607359,7-13 days,Thursday
2023-08-23,9.874727930864703,5.3672369020126345,0.002679447163954407,0.003693750546890584,79,8,4.507491028852068,-0.555623012334015,7-13 days,Thursday
2023-08-24,9.87262362398764,5.364292355471569,-0.002104306877063422,-0.0029445465410651295,80,7,4.50833126851607,0.1913964105505804,7-13 days,Thursday
2023-08-25,9.863904373700096,5.363589993164233,-0.008719250287542835,-0.000702362307336557,81,6,4.500314380535864,-4.787955207654832,0-6 days,Thursday
2023-08-28,9.868585500526864,5.360164769874117,0.004681126826767468,-0.003425223290116186,82,3,4.508420730652747,0.9609559950113361,0-6 days,Thursday
2023-08-29,9.870228036091023,5.362980879873759,0.0016425355641587203,0.0028161099996424355,83,2,4.507247156217264,0.21176461717591655,0-6 days,Thursday
2023-08-30,9.869930769007285,5.36480710781687,-0.0002972670837380065,0.0018262279431109363,84,1,4.505123661190415,-0.9680672116125482,0-6 days,Thursday
2023-08-31,9.865474110337912,5.362230692291689,-0.004456658669372615,-0.002576415525180842,85,0,4.503243418046223,-1.7805896798951397,0-6 days,Thursday
2023-09-01,9.879199982904781,5.367843429196647,0.013725872566869413,0.005612736904957671,86,27,4.511356553708135,2.921246812087656,21+ days,Thursday
2023-09-04,9.884016720189916,5.373888553395111,0.004816737285134209,0.006045124198464258,87,24,4.5101281667948045,1.8692265795390033,21+ days,Thursday
2023-09-05,9.885847884356437,5.375278407684165,0.001831164166521404,0.0013898542890542487,88,23,4.510569476672272,2.028472611738643,21+ days,Thursday
2023-09-06,9.88659568486591,5.376666332959013,0.0007478005094725404,0.0013879252748481008,89,22,4.509929351906896,1.5992507208141047,21+ days,Thursday
2023-09-07,9.891771689047037,5.381922950402833,0.00517600418112707,0.005256617443819778,90,21,4.509848738644203,1.4331368765535173,21+ days,Thursday
2023-09-08,9.897167623791308,5.38669447716545,0.005395934744271358,0.004771526762616496,91,20,4.510473146625858,1.670121076946859,14-20 days,Thursday
2023-09-11,9.905959494767906,5.39544407727876,0.008791870976597949,0.008749600113310052,92,17,4.510515417489146,1.5183097541661643,14-20 days,Thursday
2023-09-12,9.905350815582905,5.3938547932571,-0.0006086791850012929,-0.0015892840216595872,93,16,4.5114960223258045,2.0539308774170713,14-20 days,Thursday
2023-09-13,9.910013710764186,5.400377441739184,0.004662895181281712,0.006522648482083504,94,15,4.509636269025003,0.95409904555344,14-20 days,Thursday
2023-09-14,9.912774296927859,5.400558020494584,0.002760586163672585,0.00018057875540034019,95,14,4.512216276433275,2.286078024810909,14-20 days,Thursday
2023-09-15,9.915554453754266,5.4043426611913405,0.0027801568264074206,0.003784640696756547,96,13,4.511211792562926,1.650257579333568,7-13 days,Thursday
2023-09-18,9.911951630948257,5.402136695187034,-0.0036028228060089873,-0.002205966004306781,97,10,4.509814935761224,0.9964374528881496,7-13 days,Thursday
2023-09-20,9.902001448830825,5.392581544938119,-0.00995018211743215,-0.009555150248914401,98,8,4.509419903892706,1.0191903028684672,7-13 days,Thursday
2023-09-21,9.891721098529207,5.382658514981787,-0.010280350301618668,-0.009923029956332208,99,7,4.509062583547419,1.0582131245301425,7-13 days,Thursday
2023-09-22,9.888916914483147,5.37989735354046,-0.0028041840460595324,-0.002761161441327431,100,6,4.509019560942687,1.0930793537481562,0-6 days,Thursday
2023-09-25,9.88837391472608,5.379205870281376,-0.0005429997570676193,-0.0006914832590840803,101,3,4.509168044444704,1.1732593284334898,0-6 days,Thursday
2023-09-26,9.886646535340102,5.3784677607308655,-0.0017273793859775566,-0.0007381095505101243,102,2,4.508178774609236,0.687944284421526,0-6 days,Thursday
2023-09-27,9.889588912358041,5.382658514981787,0.0029423770179395348,0.0041907542509216356,103,1,4.506930397376254,0.03606868646353348,0-6 days,Thursday
2023-09-28,9.879450974707886,5.37592634587502,-0.010137937650155138,-0.006732169106767216,104,0,4.503524628832866,-1.4822789848138207,0-6 days,Thursday
2023-09-29,9.889084322225385,5.381738974687109,0.009633347517498336,0.0058126288120892156,105,27,4.507345347538275,0.471137184080976,21+ days,Thursday
2023-10-03,9.881344187850438,5.373656723093852,-0.0077401343749468055,-0.008082251593257261,106,23,4.507687464756586,0.8070460854916697,21+ days,Thursday
2023-10-04,9.877046036505297,5.368309738368072,-0.004298151345141221,-0.005346984725780324,107,22,4.508736298137225,1.4081324993352333,21+ days,Thursday
2023-10-05,9.881497534644513,5.372728864061847,0.004451498139216525,0.004419125693775783,108,21,4.508768670582666,1.3037156329667765,21+ days,Thursday
2023-10-06,9.887698559821732,5.37989735354046,0.0062010251772193214,0.007168489478612372,109,20,4.507801206281273,0.7139669064645723,14-20 days,Thursday
2023-10-09,9.87945353552407,5.372728864061847,-0.00824502429766305,-0.007168489478612372,110,17,4.506724671462222,0.2797881496973635,14-20 days,Thursday
2023-10-10,9.890670767325256,5.381278887262384,0.0112172318011865,0.008550023200536216,111,16,4.509391880062872,1.5470909207693269,14-20 days,Thursday
2023-10-11,9.895926539987249,5.3874722778589295,0.005255772661993063,0.006193390596545889,112,15,4.5084542621283195,1.00085486585185,14-20 days,Thursday
2023-10-12,9.895707365217167,5.3867860145356445,-0.0002191747700823754,-0.0006862633232849191,113,14,4.508921350681522,1.2466754914689393,14-20 days,Thursday
2023-10-13,9.88998175850807,5.384495062789089,-0.005725606709097164,-0.0022909517465556917,114,13,4.5054866957189805,-0.4196051372157598,7-13 days,Thursday
2023-10-16,9.89004003866078,5.3844033154611655,5.828015271092113e-05,-9.174732792338602e-05,115,10,4.505636723199615,-0.2736142793834806,7-13 days,Thursday
2023-10-17,9.893757872337813,5.3874722778589295,0.0037178336770331555,0.003068962397763997,116,9,4.506285594478884,0.08744051389747205,7-13 days,Thursday
2023-10-18,9.886649077795935,5.380358076884246,-0.007108794541878183,-0.0071142009746836266,117,8,4.506291000911689,0.19739640750088133,7-13 days,Thursday
2023-10-19,9.884345507007762,5.378283148185918,-0.002303570788173559,-0.002074928698327483,118,7,4.506062358821843,0.14457853234208665,7-13 days,Thursday
2023-10-20,9.879363903055545,5.375324702908821,-0.0049816039522170286,-0.0029584452770974323,119,6,4.504039200146724,-0.7954107537027754,0-6 days,Thursday
2023-10-23,9.865936245149301,5.36550861608836,-0.01342765790624334,-0.009816086820460868,120,3,4.500427629060941,-2.4155839391901894,0-6 days,Thursday
2023-10-25,9.859002607596583,5.355311878067845,-0.0069336375527182526,-0.010196738020515461,121,1,4.5036907295287385,-0.4093330467822694,0-6 days,Thursday
2023-10-26,9.844745532512365,5.341376856008484,-0.014257075084218584,-0.013935022059360591,122,0,4.5033686765038805,-0.30263957632178523,0-6 days,Thursday
2023-10-27,9.859849095506299,5.350862377211803,0.015103562993934005,0.009485521203319358,123,34,4.508986718294495,2.4549371108334945,21+ days,Thursday
2023-10-30,9.864434825272427,5.355642433167306,0.004585729766128921,0.004780055955502682,124,31,4.508792392105121,2.0981265054714062,21+ days,Thursday
2023-10-31,9.860840977814656,5.352331954854275,-0.003593847457771915,-0.0033104783130308846,125,30,4.50850902296038,1.8467011712021952,21+ days,Thursday
2023-11-01,9.855084813307961,5.347345597615391,-0.005756164506694361,-0.004986357238884409,126,29,4.50773921569257,1.3876150310863626,21+ days,Thursday
2023-11-02,9.865172828850419,5.356539103748161,0.01008801554245764,0.009193506132770146,127,28,4.508633725102258,1.7050092299828477,21+ days,Thursday
2023-11-03,9.867860374892977,5.359647621699643,0.0026875460425586084,0.003108517951481815,128,27,4.508212753193335,1.4237319820813907,21+ days,Thursday
2023-11-06,9.877348894926433,5.368775830196598,0.009488520033455572,0.009128208496955281,129,24,4.508573064729835,1.5433073743428767,21+ days,Thursday
2023-11-07,9.877246241330901,5.368775830196598,-0.00010265359553152109,0.0,130,23,4.5084704111343035,1.4600053495518426,21+ days,Thursday
2023-11-08,9.877502855564135,5.370172803648464,0.0002566142332334209,0.0013969734518664012,131,22,4.5073300519156705,0.9012505909646326,21+ days,Thursday
2023-11-09,9.87714101045812,5.367563539284851,-0.0003618451060152239,-0.002609264363613306,132,21,4.509577471173269,1.945989999468066,21+ days,Thursday
2023-11-10,9.87818512904888,5.368775830196598,0.0010441185907605899,0.001212290911746905,133,20,4.509409298852282,1.804503236376945,14-20 days,Thursday
2023-11-13,9.877554170509624,5.3682631172347035,-0.000630958539256099,-0.0005127129618944792,134,17,4.509291053274921,1.6944282217653954,14-20 days,Thursday
2023-11-15,9.889545816613232,5.380127741745603,0.011991646103608034,0.011864624510899091,135,15,4.50941807486763,1.7572705142592715,14-20 days,Thursday
2023-11-16,9.89500164888583,5.386282455276681,0.00545583227259705,0.006154713531078215,136,14,4.508719193609148,1.4363485057594758,14-20 days,Thursday
2023-11-17,9.893336201479753,5.384495062789089,-0.0016654474060757707,-0.0017873924875919656,137,13,4.508841138690665,1.4674789304932434,7-13 days,Thursday
2023-11-20,9.89098471681235,5.381508957434801,-0.00235148466740398,-0.0029861053542878935,138,10,4.5094757593775485,1.7175179112175063,7-13 days,Thursday
2023-11-21,9.895556182209848,5.385870263555899,0.004571465397498642,0.004361306121097641,139,9,4.5096859186539495,1.802308652090652,7-13 days,Thursday
2023-11-22,9.897972371848018,5.387243575742438,0.002416189638170252,0.001373312186539799,140,8,4.51072879610558,2.234119837467616,7-13 days,Thursday
2023-11-23,9.8972430964388,5.387243575742438,-0.0007292754092187437,0.0,141,7,4.509999520696361,1.8513801120886386,7-13 days,Thursday
2023-11-24,9.89483522890698,5.3874722778589295,-0.002407867531820429,0.0002287021164910641,142,6,4.50736295104805,0.6755227381288256,0-6 days,Thursday
2023-11-28,9.90113478695253,5.392672545029182,0.006299558045551379,0.0052002671702524594,143,2,4.508462241923349,1.197279124159597,0-6 days,Thursday
2023-11-29,9.910478061891503,5.401911322758143,0.009343274938972357,0.00923877772896109,144,1,4.50856673913336,1.3011325372517868,0-6 days,Thursday
2023-11-30,9.910165207289369,5.4037128815933775,-0.0003128546021340384,0.0018015588352344736,145,0,4.506452325695991,0.39300691499388735,0-6 days,Thursday
2023-12-01,9.921327470664458,5.409456155782004,0.01116226337508941,0.005743274188626302,146,27,4.5118713148824545,2.7917048234164885,21+ days,Thursday
2023-12-04,9.942900554892963,5.429345628954441,0.021573084228505124,0.019889473172437278,147,24,4.513554925938522,3.5154085137773823,21+ days,Thursday
2023-12-05,9.950037113189108,5.438774719243292,0.007136558296144457,0.009429090288850972,148,23,4.511262393945816,2.3840183160845587,21+ days,Thursday
2023-12-06,9.954275719368233,5.442417710521793,0.004238606179125526,0.0036429912785012064,149,22,4.51185800884644,2.50709408596054,21+ days,Thursday
2023-12-07,9.953888323743335,5.441941406630912,-0.0003873956248980903,-0.0004763038908812689,150,21,4.511946917112423,2.399281110441213,21+ days,Thursday
2023-12-08,9.956736807784443,5.444363867477279,0.002848484041107824,0.0024224608463674357,151,20,4.512372940307164,2.440329149429043,14-20 days,Thursday
2023-12-11,9.955951910960447,5.4452276118626575,-0.0007848968239958509,0.0008637443853780624,152,17,4.51072429909779,1.6792061824014275,14-20 days,Thursday
2023-12-12,9.952663356622642,5.442677417054872,-0.003288554337805394,-0.0025501948077852887,153,16,4.50998593956777,1.3435943113480942,14-20 days,Thursday
2023-12-13,9.953964388712365,5.4431101114495775,0.0013010320897226535,0.0004326943947052797,154,15,4.510854277262787,1.6384323892440926,14-20 days,Thursday
2023-12-14,9.968947524007914,5.455492040920035,0.014983135295549843,0.012381929470457465,155,14,4.5134554830878795,2.518828521605966,14-20 days,Thursday
2023-12-15,9.97851153359699,5.465229133392195,0.00956400958907544,0.009737092472160036,156,13,4.513282400204795,2.2539145398239735,7-13 days,Thursday
2023-12-18,9.974041538183362,5.466201875544222,-0.004469995413627359,0.0009727421520269175,157,10,4.507839662639141,0.10932716416488406,7-13 days,Thursday
2023-12-19,9.977165432213338,5.46717367238842,0.0031238940299758156,0.0009717968441984581,158,9,4.509991759824918,0.9158472634250612,7-13 days,Thursday
2023-12-20,9.96031674552217,5.452496617395711,-0.016848686691167458,-0.01467705499270977,159,8,4.50782012812646,0.2108477537948893,7-13 days,Thursday
2023-12-21,9.97009424603011,5.459500404139426,0.009777500507938797,0.007003786743715601,160,7,4.5105938418906835,1.198560529669379,7-13 days,Thursday
2023-12-22,9.970807358562595,5.46234765336974,0.0007131125324857379,0.002847249230313764,161,6,4.508459705192855,0.3592021695979129,0-6 days,Thursday
2023-12-26,9.975768678450509,5.46848199307136,0.0049613198879132625,0.0061343397016200285,162,2,4.507286685379149,-0.11858697400412523,0-6 days,Thursday
2023-12-27,9.984482114744676,5.478135793123873,0.00871343629416721,0.009653800052513262,163,1,4.506346321620803,-0.522918715657375,0-6 days,Thursday
2023-12-28,9.98878183115578,5.481638423675075,0.004299716411104271,0.003502630551201591,164,0,4.507143407480705,-0.20157916452147331,0-6 days,Thursday
2023-12-29,9.99247322931271,5.481888142742423,0.0036913981569295373,0.00024971906734805316,165,27,4.510585086570287,1.1203657648596281,21+ days,Thursday
2024-01-01,9.99104044954399,5.480722253203296,-0.0014327797687201382,-0.0011658895391271074,166,24,4.510318196340694,0.9993204065221643,21+ days,Thursday
2024-01-02,9.987552927653796,5.47742543227249,-0.0034875218901930793,-0.003296820930805744,167,23,4.510127495381306,0.9398774878990304,21+ days,Thursday
2024-01-03,9.980342106521219,5.471429984256681,-0.0072108211325776495,-0.0059954480158088685,168,22,4.508912122264538,0.5352592000688994,21+ days,Thursday
2024-01-04,9.989988590991864,5.478469906057152,0.009646484470644978,0.007039921800470417,169,21,4.511518684934712,1.4474380271035743,21+ days,Thursday
2024-01-05,9.989114638503565,5.480138798300309,-0.0008739524882983574,0.0016688922431571385,170,20,4.508975840203257,0.4455128515263634,14-20 days,Thursday
2024-01-08,9.978966013712034,5.472102592319705,-0.010148624791531446,-0.008036205980603839,171,17,4.506863421392329,-0.24279963139744618,14-20 days,Thursday
2024-01-09,9.981781038906036,5.471387931227806,0.0028150251940015636,-0.0007146610918988827,172,16,4.5103931076782295,1.1255862970317017,14-20 days,Thursday
2024-01-10,9.986124584346415,5.47596133379088,0.004343545440379515,0.004573402563074147,173,15,4.510163250555535,0.9794767405634704,14-20 days,Thursday
2024-01-11,9.98460660382092,5.476881874464279,-0.0015179805254952328,0.000920540673399195,174,14,4.5077247293566405,0.050552691696539184,14-20 days,Thursday
2024-01-12,9.997587909891223,5.49017662782248,0.012981306070303233,0.01329475335820085,175,13,4.507411282068743,-0.19883082206066344,7-13 days,Thursday
2024-01-15,10.005186372360962,5.498396978263695,0.00759846246973872,0.008220350441214386,176,10,4.506789394097267,-0.4951342822560428,7-13 days,Thursday
2024-01-16,9.999849451816859,5.493843030825574,-0.005336920544102952,-0.0045539474381204315,177,9,4.506006420991285,-0.6884735597413193,7-13 days,Thursday
2024-01-17,9.979846560634877,5.474369310328396,-0.020002891181981397,-0.019473720497177993,178,8,4.505477250306481,-0.6127115728189949,7-13 days,Thursday
2024-01-18,9.978126455149898,5.470925231154352,-0.0017201054849795838,-0.0034440791740442123,179,7,4.507201223995546,0.12379354151315282,7-13 days,Thursday
2024-01-19,9.983914801648742,5.477843352706524,0.005788346498844632,0.006918121552171641,180,6,4.506071448942219,-0.3587342135531045,0-6 days,Thursday
2024-01-20,9.98138796713763,5.476338021040286,-0.0025268345111122414,-0.0015053316662374527,181,5,4.505049946097344,-0.6941395489822693,0-6 days,Thursday
2024-01-23,9.961839004423085,5.461286194826176,-0.01954896271454487,-0.015051826214110164,182,2,4.500552809596909,-2.1983221771928307,0-6 days,Thursday
2024-01-24,9.97557795505003,5.470462316890431,0.013738950626944302,0.009176122064254777,183,1,4.505115638159599,-0.47592549458927075,0-6 days,Thursday
2024-01-25,9.968853855967382,5.466793516519938,-0.0067240990826480385,-0.003668800370492775,184,0,4.502060339447444,-1.5546092658935782,0-6 days,Thursday
2024-01-29,9.993252842357787,5.481680047850402,0.024398986390405497,0.014886531330463804,185,31,4.511572794507385,1.9428102639150548,21+ days,Thursday
2024-01-30,9.981559087956283,5.473110656921199,-0.011693754401504108,-0.008569390929202392,186,30,4.508448431035084,0.8340664391363333,21+ days,Thursday
2024-01-31,9.989068740626333,5.481680047850402,0.007509652670050215,0.008569390929202392,187,29,4.5073886927759315,0.3510787702562182,21+ days,Thursday
2024-02-01,9.98700575214625,5.4805139155288405,-0.002062988480084016,-0.001166132321561264,188,28,4.506491836617409,0.048238979672580846,21+ days,Thursday
2024-02-02,9.996932357245992,5.48728346606066,0.009926605099742858,0.00676955053181949,189,27,4.509648891185332,1.1892820641514321,21+ days,Thursday
2024-02-05,9.989160534274278,5.481263728110833,-0.00777182297171386,-0.006019737949826798,190,24,4.507896806163445,0.5973397606647202,21+ days,Thursday
2024-02-06,9.998815913993347,5.489392168336741,0.009655379719069046,0.008128440225907418,191,23,4.509423745656607,1.094918965449345,21+ days,Thursday
2024-02-07,9.99967462048891,5.491826112732555,0.0008587064955634105,0.002433944395814791,192,22,4.507848507756355,0.47362159541328,21+ days,Thursday
2024-02-08,9.990903014539077,5.482927968145463,-0.008771605949833727,-0.008898144587092816,193,21,4.507975046393614,0.6463039056295116,21+ days,Thursday
2024-02-09,9.991905856007044,5.483551344789026,0.0010028414679670306,0.0006233766435634891,194,20,4.508354511218018,0.7982888321392061,14-20 days,Thursday
2024-02-12,9.985090580737754,5.478094021157034,-0.0068152752692896,-0.005457323631992139,195,17,4.50699655958072,0.3628013027410311,14-20 days,Thursday
2024-02-13,9.990433302372344,5.4823042026610525,0.005342721634589154,0.004210181504018529,196,16,4.508129099711291,0.7636704639107592,14-20 days,Thursday
2024-02-14,9.995382817240383,5.487697287709437,0.004949514868039628,0.005393085048384982,197,15,4.507685529530946,0.5427637808380203,14-20 days,Thursday
2024-02-15,9.999574703147719,5.492649836008127,0.004191885907335546,0.004952548298689408,198,14,4.506924867139592,0.21018813433591935,14-20 days,Thursday
2024-02-16,10.002769380349216,5.497946610797179,0.0031946772014972424,0.0052967747890519945,199,13,4.504822769552037,-0.6332597551602642,7-13 days,Thursday
2024-02-19,10.006405086542815,5.501951847474021,0.0036357061935987645,0.004005236676841939,200,10,4.504453239068794,-0.7812131179748215,7-13 days,Thursday
2024-02-20,10.009285722409375,5.5029710285484015,0.0028806358665605103,0.001019181074380704,201,9,4.506314693860974,-0.034216115163683634,7-13 days,Thursday
2024-02-21,10.000568890186692,5.496061055229514,-0.00871683222268338,-0.006909973318887097,202,8,4.504507834957177,-0.6134494838234034,7-13 days,Thursday
2024-02-22,10.010986779519573,5.504924949222147,0.010417889332881458,0.008863893992632654,203,7,4.506061830297426,-0.08279230818062037,7-13 days,Thursday
2024-02-23,10.008793066681399,5.502808029363036,-0.0021937128381743776,-0.0021169198591106664,204,6,4.5059850373183625,-0.055758703581823665,0-6 days,Thursday
2024-02-26,10.005096038124226,5.502237322894487,-0.003697028557173354,-0.0005707064685491758,205,3,4.502858715229738,-1.2258955188924323,0-6 days,Thursday
2024-02-27,10.007626822777247,5.502808029363036,0.0025307846530218114,0.0005707064685491758,206,2,4.504818793414211,-0.41970904131041403,0-6 days,Thursday
2024-02-28,9.994109486944954,5.494089721066114,-0.013517335832293753,-0.008718308296922217,207,1,4.5000197658788395,-2.1331504707370215,0-6 days,Thursday
2024-02-29,9.998147520998867,5.496758305221874,0.004038034053913009,0.002668584155760101,208,0,4.501389215776992,-1.5517020587030899,0-6 days,Thursday
2024-03-01,10.01897016647247,5.508213557776617,0.02082264547360424,0.011455252554743112,209,27,4.5107566086958535,1.958367907160982,21+ days,Thursday
2024-03-02,10.021581650918597,5.510642610426367,0.0026114844461258002,0.0024290526497496856,210,26,4.51093904049223,1.973135669339428,21+ days,Thursday
2024-03-04,10.021248365723372,5.5125816132556515,-0.00033328519522513034,0.0019390028292844974,211,24,4.50866675246772,1.0660543203571893,21+ days,Thursday
2024-03-05,10.018513457465026,5.510399970502822,-0.0027349082583452144,-0.0021816427528298377,212,23,4.508113486962205,0.8895950577091264,21+ days,Thursday
2024-03-06,10.025793676920095,5.516166929401137,0.007280219455068959,0.005766958898314911,213,22,4.509626747518959,1.399715945844654,21+ days,Thursday
2024-03-07,10.023037914439938,5.516166929401137,-0.002755762480157742,0.0,214,21,4.506870985038801,0.3578404421480941,21+ days,Thursday
2024-03-11,10.017041658862475,5.510925615946864,-0.005996255577462861,-0.005241313454273033,215,17,4.506116042915611,0.16177080410402878,14-20 days,Thursday
2024-03-12,10.01854242569468,5.511572185111876,0.0015007668322049028,0.0006465691650126004,216,16,4.506970240582803,0.5026033879526485,14-20 days,Thursday
2024-03-13,10.002266708479198,5.4961431098779565,-0.016275717215481933,-0.015429075233919676,217,15,4.506123598601241,0.40006819852422165,14-20 days,Thursday
2024-03-14,10.010097287594386,5.503296947234575,0.00783057911518803,0.007153837356618453,218,14,4.506800340359811,0.5874929269894774,14-20 days,Thursday
2024-03-15,10.004293963985395,5.496307198978706,-0.005803323608990496,-0.006989748255868733,219,13,4.507986765006689,1.1474034743954624,7-13 days,Thursday
2024-03-18,10.00487016682473,5.4975370097428735,0.0005762028393352381,0.0012298107641672829,220,10,4.507333157081857,0.8904684439300855,7-13 days,Thursday
2024-03-19,9.993492776822555,5.487490398291093,-0.011377390002175858,-0.010046611451780763,221,9,4.506002378531462,0.5258078444330407,7-13 days,Thursday
2024-03-20,9.99501787038172,5.488110938180692,0.0015250935591648584,0.0006205398895993142,222,8,4.506906932201027,0.8808741381461809,7-13 days,Thursday
2024-03-21,10.00419224665776,5.497127240846794,0.00917437627604123,0.009016302666101872,223,7,4.507065005810967,0.8387868856970428,7-13 days,Thursday
2024-03-22,10.00581848363359,5.499378894716044,0.0016262369758290873,0.002251653869249637,224,6,4.506439588917546,0.5857745554215151,0-6 days,Thursday
2024-03-26,10.00310661756484,5.496061055229514,-0.002711866068748847,-0.003317839486529195,225,2,4.5070455623353265,0.8768622953754854,0-6 days,Thursday
2024-03-27,10.007604295028692,5.501258210544727,0.004497677463850991,0.005197155315213031,226,1,4.5063460844839645,0.5574634037948608,0-6 days,Thursday
2024-03-28,10.013619168372811,5.509793112994564,0.006014873344119209,0.008534902449836679,227,0,4.503826055378247,-0.4930038224358283,0-6 days,Thursday
2024-04-01,10.026147565272016,5.515402603278282,0.012528396899204708,0.005609490283718266,228,24,4.510744961993733,2.1231463581150316,21+ days,Thursday
2024-04-02,10.02461388204097,5.517011031788615,-0.001533683231045302,0.0016084285103330487,229,23,4.507602850252355,0.8834812703604547,21+ days,Thursday
2024-04-03,10.023346210375424,5.516649360865024,-0.0012676716655466436,-0.00036167092359118413,230,22,4.5066968495104,0.5560087230634424,21+ days,Thursday
2024-04-04,10.027274749310203,5.520540494402504,0.003928538934779624,0.0038911335374800515,231,21,4.506734254907699,0.5404256580226756,21+ days,Thursday
2024-04-05,10.026191792511579,5.518937737317808,-0.0010829567986245792,-0.0016027570846963712,232,20,4.507254055193771,0.7778761253137022,14-20 days,Thursday
2024-04-08,10.032320424379096,5.524257005164247,0.006128631867516887,0.005319267846439324,233,17,4.5080634192148485,1.0347714021107552,14-20 days,Thursday
2024-04-09,10.031601484685195,5.524576060762392,-0.0007189396939004666,0.000319055598144935,234,16,4.507025423922803,0.6436402816429602,14-20 days,Thursday
2024-04-10,10.034746051593935,5.5272839311650355,0.0031445669087393213,0.0027078704026433087,235,15,4.507462120428899,0.7932381730020026,14-20 days,Thursday
2024-04-12,10.026136508156485,5.521460917862246,-0.008609543437449574,-0.005823013302789448,236,13,4.504675590294239,-0.18391131084706577,7-13 days,Thursday
2024-04-15,10.01491040503983,5.509793112994564,-0.011226103116655395,-0.01166780486768193,237,10,4.505117292045266,0.165796719762503,7-13 days,Thursday
2024-04-16,10.008342940638508,5.5053315359323625,-0.006567464401321388,-0.004461577062201627,238,9,4.503011404706146,-0.5606866524422784,7-13 days,Thursday
2024-04-18,10.00242750039103,5.499010789024655,-0.005915440247477477,-0.006320746907707786,239,7,4.503416711366376,-0.28537724300366785,7-13 days,Thursday
2024-04-19,10.004373070309986,5.5035413165592955,0.0019455699189556697,0.0045305275346407825,240,6,4.500831753750691,-1.3075267431249693,0-6 days,Thursday
2024-04-22,10.01651708595881,5.512823724466583,0.012144015648823725,0.009282407907287293,241,3,4.503693361492227,-0.27334184632626607,0-6 days,Thursday
2024-04-23,10.014800815385877,5.512339443412685,-0.0017162705729329986,-0.0004842810538976394,242,2,4.502461371973192,-0.7094917488806972,0-6 days,Thursday
2024-04-24,10.017708696626151,5.513831890697755,0.0029078812402740795,0.001492447285070142,243,1,4.503876805928396,-0.14275758096853294,0-6 days,Thursday
2024-04-25,10.024585089160341,5.51897783756844,0.0068763925341901455,0.005145946870684703,244,0,4.5056072515919015,0.48870035566517944,0-6 days,Thursday
2024-04-26,10.024458833665568,5.516327765750498,-0.00012625549477363052,-0.002650071817941857,245,34,4.50813106791507,1.523501092929155,21+ days,Thursday
2024-04-29,10.032107214838371,5.522700149697197,0.007648381172803198,0.006372383946699145,246,31,4.509407065141174,1.9310582276429828,21+ days,Thursday
2024-04-30,10.030340443532051,5.521380914662076,-0.0017667713063200807,-0.0013192350351216575,247,30,4.508959528869975,1.7626374795040418,21+ days,Thursday
2024-05-02,10.03363604209095,5.525014596061544,0.003295598558899826,0.0036336813994681805,248,28,4.508621446029407,1.577714350901387,21+ days,Thursday
2024-05-03,10.02392262399031,5.516649360865024,-0.00971341810063997,-0.00836523519651955,249,27,4.5072732631252865,1.168325474752199,21+ days,Thursday
2024-05-06,10.023889378388423,5.5154428455366835,-3.3245601887443854e-05,-0.001206515328340707,250,24,4.50844653285174,1.6373935090228506,21+ days,Thursday
2024-05-07,10.015699543143056,5.5113701771520756,-0.00818983524536776,-0.004072668384607958,251,23,4.50432936599098,0.10106670879011047,21+ days,Thursday
2024-05-08,10.016496990460537,5.511814540810441,0.0007974473174812147,0.00044436365836553193,252,22,4.504682449650096,0.2431625876601955,21+ days,Thursday
2024-05-09,10.002101360256598,5.496307198978706,-0.014395630203939191,-0.015507341831734855,253,21,4.505794161277891,0.8906661681187721,21+ days,Thursday
2024-05-10,10.004585496328906,5.50117657455954,0.0024841360723080186,0.004869375580833335,254,20,4.503408921769366,-0.1074376037362951,14-20 days,Thursday
2024-05-13,10.008941563823102,5.5027265198059965,0.0043560674941964805,0.0015499452464569075,255,17,4.506215044017106,0.9930237467369041,14-20 days,Thursday
2024-05-14,10.012888893053454,5.5087403534528665,0.003947329230351571,0.006013833646870026,256,16,4.504148539600587,0.09508076423063402,14-20 days,Thursday
2024-05-15,10.011298812664963,5.507564812670135,-0.0015900803884907333,-0.0011755407827314102,257,15,4.503733999994828,-0.040486916124206615,14-20 days,Thursday
2024-05-16,10.020049843386674,5.5152416180483295,0.008751030721711572,0.0076768053781943735,258,14,4.504808225338345,0.30144995764936916,14-20 days,Thursday
2024-05-17,10.021797116218965,5.517051209373546,0.0017472728322900366,0.0018095913252169638,259,13,4.504745906845418,0.2626553149759063,7-13 days,Thursday
2024-05-18,10.023068970133892,5.5176536795192925,0.0012718539149272345,0.0006024701457461035,260,12,4.505415290614599,0.5390719418948239,7-13 days,Thursday
2024-05-21,10.025311302388968,5.519058033245936,0.002242332255075752,0.0014043537266434925,261,9,4.5062532691430315,0.8677895537915767,7-13 days,Thursday
2024-05-22,10.028683047907965,5.523418999568408,0.0033717455189972156,0.00436096632247196,262,8,4.505264048339557,0.4225884714483596,7-13 days,Thursday
2024-05-23,10.043684183029411,5.538711271268774,0.015001135121446296,0.015292271700365845,263,7,4.504972911760637,0.12033430504046384,7-13 days,Thursday
2024-05-24,10.044268540725076,5.540478923698008,0.0005843576956650054,0.0017676524292342677,264,6,4.503789617027068,-0.35866202574084816,0-6 days,Thursday
2024-05-27,10.043297319854613,5.541341973455396,-0.0009712208704630854,0.0008630497573882678,265,3,4.501955346399217,-1.078934414327142,0-6 days,Thursday
2024-05-28,10.040033459443396,5.537531098039741,-0.0032638604112165126,-0.0038108754156551683,266,2,4.502502361403655,-0.7718577643258782,0-6 days,Thursday
2024-05-29,10.031484910599483,5.5316884380176825,-0.00854854884391365,-0.005842660022058688,267,1,4.4997964725818,-1.7428525570682796,0-6 days,Thursday
2024-05-30,10.020725995484375,5.5254529391317835,-0.01075891511510818,-0.006235498885899027,268,0,4.495273056352591,-3.3965097811778273,0-6 days,Thursday
2024-05-31,10.030076149635702,5.527442989539794,0.009350154151327672,0.0019900504080103687,269,27,4.502633160095908,-0.4053048319742044,21+ days,Thursday
2024-06-03,10.062625773874425,5.554121700101795,0.03254962423872243,0.026678710562000774,270,24,4.50850407377263,1.5498269577259571,21+ days,Thursday
2024-06-04,9.997549226007948,5.529230655126607,-0.06507654786647699,-0.02489104497518735,271,23,4.46831857088134,-13.827137067503596,21+ days,Thursday
2024-06-05,10.025085524283616,5.525253716100942,0.027536298275668614,-0.003976939025664983,272,22,4.499831808182674,-0.8977786630365504,21+ days,Thursday
2024-06-06,10.040231903078968,5.5345745570076295,0.015146378795352078,0.009320840906687167,273,21,4.505657346071339,0.7436659425606318,21+ days,Thursday
2024-06-07,10.057917479084677,5.554121700101795,0.01768557600570908,0.019547143094165165,274,20,4.503795778982883,-0.033772887060046365,14-20 days,Thursday
2024-06-10,10.053247177204701,5.552726999736245,-0.00467030187997608,-0.0013947003655498946,275,17,4.500520177468457,-0.9753559266595655,14-20 days,Thursday
2024-06-11,10.056637732029802,5.5557463958287965,0.0033905548251009776,0.0030193960925517516,276,16,4.500891336201006,-0.8726779038647398,14-20 days,Thursday
2024-06-12,10.058780436942163,5.5583712718823435,0.0021427049123605713,0.0026248760535469984,277,15,4.5004091650598195,-1.0224692536987026,14-20 days,Thursday
2024-06-13,10.060358813937246,5.5611430630009515,0.0015783769950825643,0.0027717911186080357,278,14,4.499215750936294,-1.3807802911605314,14-20 days,Thursday
2024-06-14,10.063137370065666,5.563677139995326,0.002778556128420817,0.002534076994374246,279,13,4.499460230070341,-1.2940632289556004,7-13 days,Thursday
2024-06-18,10.067729995930177,5.566816619583044,0.004592625864511035,0.003139479587717986,280,9,4.500913376347134,-0.8603958755017991,7-13 days,Thursday
2024-06-19,10.064668462284587,5.565592629222155,-0.003061533645590586,-0.001223990360888827,281,8,4.499075833062432,-1.3579370198063352,7-13 days,Thursday
2024-06-20,10.068832485122966,5.567733630192925,0.004164022838379466,0.0021410009707700794,282,7,4.501098854930041,-0.7444313851806561,7-13 days,Thursday
2024-06-21,10.063060647320318,5.563983864942137,-0.0057718378026478945,-0.003749765250788073,283,6,4.499076782378181,-1.2679971591112789,0-6 days,Thursday
2024-06-24,10.06707640945737,5.567007732818217,0.0040157621370511265,0.0030238678760801108,284,3,4.500068676639152,-0.9722196062754199,0-6 days,Thursday
2024-06-25,10.074790291180951,5.574736246721107,0.007713881723582006,0.0077285139028901995,285,2,4.500054044459844,-1.0347146894531616,0-6 days,Thursday
2024-06-26,10.07979103700452,5.57908811069704,0.005000745823569019,0.004351863975932346,286,1,4.500702926307481,-0.8547539272695199,0-6 days,Thursday
2024-06-27,10.087769686142718,5.587061374946195,0.007978649138197014,0.007973264249155676,287,0,4.500708311196522,-0.9030379756470092,0-6 days,Thursday
2024-06-28,10.091416276412314,5.589119566336061,0.0036465902695965724,0.0020581913898656268,288,27,4.502296710076253,-0.422360806462289,21+ days,Thursday
2024-07-01,10.094727554837329,5.592664676868578,0.003311278425014663,0.0035451105325172705,289,24,4.502062877968751,-0.5014660155631827,21+ days,Thursday
2024-07-02,10.094574745309977,5.5951573767845835,-0.00015280952735174935,0.0024926999160053143,290,23,4.4994173685253935,-1.273786611344733,21+ days,Thursday
2024-07-03,10.10090705951708,5.599680426055682,0.006332314207103451,0.004523049271098145,291,22,4.501226633461399,-0.7375936988044445,21+ days,Thursday
2024-07-04,10.101417905778856,5.601122014269927,0.0005108462617755549,0.0014415882142451153,292,21,4.500295891508929,-0.9829025989592285,21+ days,Thursday
2024-07-05,10.10192439116056,5.601897394152591,0.0005064853817042803,0.0007753798826639624,293,20,4.50002699700797,-1.028727469749352,14-20 days,Thursday
2024-07-08,10.101272269383447,5.599347456519317,-0.0006521217771133792,-0.0025499376332733803,294,17,4.50192481286413,-0.41046124390343713,14-20 days,Thursday
2024-07-09,10.105813922067762,5.6034095005094136,0.004541652684315167,0.004062043990096242,295,16,4.5024044215583485,-0.27825912286964416,14-20 days,Thursday
2024-07-10,10.099876366541519,5.600604760138834,-0.005937555526243088,-0.0028047403705793172,296,15,4.499271606402685,-1.1498300985318604,14-20 days,Thursday
2024-07-11,10.102430620144679,5.60138054103812,0.0025542536031597507,0.0007757808992856496,297,14,4.501050079106559,-0.5917045185002489,14-20 days,Thursday
2024-07-12,10.107611370013084,5.605802066295998,0.005180749868404888,0.004421525257877867,298,13,4.501809303717086,-0.37274228114024394,7-13 days,Thursday
2024-07-15,10.111474825537288,5.610130918574746,0.0038634555242040847,0.00432885227874813,299,10,4.501343906962542,-0.5179014828818086,7-13 days,Thursday
2024-07-16,10.112126417647456,5.611959540669349,0.0006515921101684086,0.001828622094603105,300,9,4.500166876978107,-0.8473468180874085,7-13 days,Thursday
2024-07-18,10.118921460780285,5.618224586294555,0.006795043132829193,0.006265045625205801,301,7,4.5006968744857305,-0.6990387940035482,7-13 days,Thursday
2024-07-19,10.107617485204953,5.610204127696635,-0.011303975575332359,-0.008020458597919777,302,6,4.497413357508318,-1.5674633074725863,0-6 days,Thursday
2024-07-22,10.107148545326684,5.608262272798789,-0.00046893987826912564,-0.0019418548978462624,303,3,4.498886272527895,-1.0695385805186137,0-6 days,Thursday
2024-07-23,10.104508186762567,5.60782208351029,-0.002640358564116596,-0.0004401892884988712,304,2,4.496686103252277,-1.6644833183816794,0-6 days,Thursday
2024-07-24,10.103217123461295,5.607234862881972,-0.001291063301271933,-0.0005872206283177306,305,1,4.495982260579323,-1.8061254763438455,0-6 days,Thursday
2024-07-25,10.102666226396506,5.6061696457892,-0.0005508970647891687,-0.001065217092771853,306,0,4.496496580607306,-1.5908616884352886,0-6 days,Thursday
2024-07-26,10.123586473664112,5.62040086571715,0.020920247267605774,0.01423121992794929,307,34,4.503185607946962,0.2944473560574487,21+ days,Thursday
2024-07-29,10.123610546556833,5.6239453014145715,2.4072892720994332e-05,0.0035444356974219104,308,31,4.499665245142261,-0.7208538774866853,21+ days,Thursday
2024-07-30,10.124027717980223,5.623620315404164,0.00041717142338981716,-0.0003249860104075353,309,30,4.500407402576059,-0.4751739522689836,21+ days,Thursday
2024-07-31,10.127884318249032,5.627621113690637,0.003856600268809629,0.004000798286472929,310,29,4.5002632045583955,-0.5127128990260621,21+ days,Thursday
2024-08-01,10.128149949819608,5.629094847355403,0.00026563157057601927,0.0014737336647661081,311,28,4.499055102464205,-0.8416277448845935,21+ days,Thursday
2024-08-02,10.114558522616068,5.619458392743483,-0.013591427203540007,-0.009636454611920087,312,27,4.4951001298725854,-1.8858722972917394,21+ days,Thursday
2024-08-05,10.08980113059962,5.5996434349150555,-0.024757392016448776,-0.01981495782842746,313,24,4.490157695684564,-3.1142961802640023,21+ days,Thursday
2024-08-06,10.089593605747774,5.592031211231537,-0.00020752485184516445,-0.007612223683518771,314,23,4.497562394516238,-0.8736441434189222,21+ days,Thursday
2024-08-07,10.101268166642612,5.60285655606624,0.011674560894837427,0.010825344834703543,315,22,4.498411610576372,-0.6676384340667336,21+ days,Thursday
2024-08-08,10.090935530085842,5.595380300805569,-0.01033263655676997,-0.007476255260670861,316,21,4.4955552292802725,-1.3915820946038142,21+ days,Thursday
2024-08-09,10.102276933981766,5.605066501717044,0.011341403895924529,0.00968620091147443,317,20,4.497210432264723,-0.9426807409374994,14-20 days,Thursday
2024-08-12,10.100843441912222,5.604293576155459,-0.001433492069544684,-0.0007729255615851471,318,17,4.496549865756763,-1.0852633859873857,14-20 days,Thursday
2024-08-13,10.092370867165224,5.597680943773655,-0.008472574746997807,-0.006612632381803429,319,16,4.494689923391569,-1.522251603506487,14-20 days,Thursday
2024-08-14,10.09295021748145,5.59649417609246,0.0005793503162259128,-0.001186767681195633,320,15,4.49645604138899,-0.9687454590193217,14-20 days,Thursday
2024-08-16,10.110422450485874,5.6131281063880705,0.017472233004424353,0.016633930295610888,321,13,4.497294344097804,-0.804337274155647,7-13 days,Thursday
2024-08-19,10.1101012352323,5.614951260949585,-0.00032121525357453606,0.001823154561514606,322,10,4.495149974282715,-1.3722657623913674,7-13 days,Thursday
2024-08-20,10.114882356815789,5.6185876285929695,0.004781121583489423,0.003636367643384375,323,9,4.49629472822282,-1.0327344828110234,7-13 days,Thursday
2024-08-21,10.11841948056873,5.621631991628523,0.0035371237529417954,0.0030443630355536655,324,8,4.496787488940208,-0.8751173207152808,7-13 days,Thursday
2024-08-22,10.120210536047415,5.621921448175881,0.0017910554786837452,0.00028945654735768045,325,7,4.498289087871534,-0.42358609049777496,7-13 days,Thursday
2024-08-23,10.121055589517152,5.622391636440687,0.0008450534697370671,0.00047018826480638154,326,6,4.4986639530764645,-0.2904201771534285,0-6 days,Thursday
2024-08-26,10.128429485791717,5.63042294030174,0.007373896274565084,0.008031303861052663,327,3,4.498006545489977,-0.49690533350666055,0-6 days,Thursday
2024-08-27,10.126831083853004,5.630100052968675,-0.0015984019387129678,-0.00032288733306451434,328,2,4.4967310308843285,-0.814949254121749,0-6 days,Thursday
2024-08-28,10.128828687393826,5.630602277114688,0.0019976035408220127,0.000502224146012864,329,1,4.498226410279138,-0.36616714103359205,0-6 days,Thursday
2024-08-29,10.13283780238486,5.634789603169249,0.004009114991033513,0.004187326054561069,330,0,4.49804819921561,-0.4119521061527928,0-6 days,Thursday
2024-08-30,10.142386335794844,5.639350614496812,0.009548533409985183,0.004561011327562703,331,27,4.5030357212980325,0.9684339286519495,21+ days,Thursday
2024-09-02,10.139961853258981,5.63984821536011,-0.0024244825358632482,0.0004976008632979756,332,24,4.500113637898871,0.18454060235128852,21+ days,Thursday
2024-09-03,10.140178916395607,5.640665165340723,0.0002170631366258391,0.0008169499806127689,333,23,4.499513751054884,0.034654962671725714,21+ days,Thursday
2024-09-04,10.136581434703507,5.639599445879288,-0.0035974816921005015,-0.0010657194614349663,334,22,4.496981988824219,-0.6423337155156508,21+ days,Thursday
2024-09-05,10.135947570487687,5.636395455954346,-0.0006338642158194574,-0.0032039899249420856,335,21,4.4995521145333415,0.15977041636017647,21+ days,Thursday
2024-09-06,10.122703400512357,5.627800953633573,-0.013244169975330067,-0.008594502320772968,336,20,4.494902446878784,-1.0651789880833546,14-20 days,Thursday
2024-09-09,10.126363067931921,5.627441241399478,0.0036596674195639167,-0.00035971223409436703,337,17,4.498921826532443,0.13809603945058863,14-20 days,Thursday
2024-09-10,10.130503596064212,5.632358077977835,0.004140528132291266,0.004916836578356509,338,16,4.498145518086377,-0.10097980379270127,14-20 days,Thursday
2024-09-11,10.124428680295138,5.627045408435818,-0.006074915769074707,-0.005312669542016479,339,15,4.497383271859319,-0.24515280146787302,14-20 days,Thursday
2024-09-12,10.139938170793478,5.642261618007951,0.015509490498340384,0.015216209572132655,340,14,4.497676552785527,-0.2606155289689738,14-20 days,Thursday
2024-09-13,10.141066411646593,5.6458001921178536,0.0011282408531148036,0.003538574109902548,341,13,4.495266219528739,-0.9533629613862825,7-13 days,Thursday
2024-09-16,10.144078017454058,5.64685932725658,0.0030116058074654006,0.0010591351387265746,342,10,4.497218690197478,-0.3561958528481653,7-13 days,Thursday
2024-09-17,10.144313838702645,5.648269764725942,0.00023582124858734232,0.0014104374693619803,343,9,4.496044073976703,-0.6731314194574025,7-13 days,Thursday
2024-09-18,10.141379805079131,5.645446897643238,-0.0029340336235144093,-0.0028228670827044056,344,8,4.495932907435893,-0.6413560947928836,7-13 days,Thursday
2024-09-19,10.146786610053903,5.649678215663,0.005406804974771973,0.004231318019762398,345,7,4.497108394390903,-0.30150636485511306,7-13 days,Thursday
2024-09-20,10.157618012076515,5.660178837174069,0.010831402022612124,0.010500621511068786,346,6,4.497439174902446,-0.2731408800470726,0-6 days,Thursday
2024-09-23,10.162646686054671,5.667014750463987,0.005028673978156206,0.006835913289918061,347,3,4.495631935590684,-0.8259396021596023,0-6 days,Thursday
2024-09-24,10.164084872260393,5.668983969113506,0.0014381862057213368,0.0019692186495188224,348,2,4.495100903146887,-0.9542489098094616,0-6 days,Thursday
2024-09-25,10.165967194962711,5.67136258340009,0.001882322702318362,0.0023786142865844795,349,1,4.494604611562621,-1.0717308338191172,0-6 days,Thursday
2024-09-26,10.17428157119295,5.674353663965389,0.008314376230238452,0.0029910805652990646,350,0,4.49992790722756,0.4813636118027213,0-6 days,Thursday
2024-09-27,10.179132468227401,5.677438499316599,0.004850897034451407,0.003084835351209847,351,34,4.501693968910802,0.9796481776263178,21+ days,Thursday
2024-09-30,10.165461356168324,5.665284167171766,-0.013671112059077117,-0.012154332144833191,352,31,4.500177188996558,0.6733771288429327,21+ days,Thursday
2024-10-01,10.164993756667428,5.664070974419973,-0.000467599500895588,-0.0012131927517931018,353,30,4.500922782247455,0.9225434856547238,21+ days,Thursday
2024-10-03,10.145576501084696,5.644916721789165,-0.01941725558273255,-0.019154252630808166,354,28,4.500659779295531,1.068660734481781,21+ days,Thursday
2024-10-04,10.134398856591991,5.637286483367837,-0.01117764449270453,-0.007630238421327817,355,27,4.497112373224154,0.15655495119149465,21+ days,Thursday
2024-10-07,10.126705101112472,5.630853294633443,-0.007693755479518671,-0.006433188734393802,356,24,4.495851806479029,-0.10451301865444398,21+ days,Thursday
2024-10-08,10.132497860728297,5.633002292595154,0.005792759615824039,0.0021489979617106414,357,23,4.499495568133143,0.9735192590202819,21+ days,Thursday
2024-10-09,10.131409668303311,5.633002292595154,-0.001088192424985479,0.0,358,22,4.498407375708157,0.6658794714247632,21+ days,Thursday
2024-10-10,10.131698244183356,5.632966513779786,0.000288575880045272,-3.577881536731553e-05,359,21,4.49873173040357,0.7778869861311339,21+ days,Thursday
2024-10-11,10.128549263006242,5.6311042491582155,-0.003148981177114152,-0.0018622646215709082,360,20,4.497445013848027,0.4404249237227915,14-20 days,Thursday
2024-10-14,10.135987198774362,5.638176717558207,0.007437935768120241,0.007072468399991649,361,17,4.497810481216155,0.5031259922130481,14-20 days,Thursday
2024-10-15,10.131867370645583,5.634789603169249,-0.0041198281287790905,-0.0033871143889578903,362,16,4.497077767476334,0.3430502789433858,14-20 days,Thursday
2024-10-16,10.12793425438073,5.629992400685445,-0.003933116264853709,-0.004797202483803886,363,15,4.497941853695284,0.6699871440846079,14-20 days,Thursday
2024-10-17,10.12041582898304,5.623620315404164,-0.007518425397689654,-0.006372085281281414,364,14,4.496795513578876,0.4115520385449899,14-20 days,Thursday
2024-10-18,10.1251099474784,5.625820933186489,0.004694118495359945,0.002200617782325054,365,13,4.499289014291911,1.1534566379284121,7-13 days,Thursday
2024-10-21,10.116863556291285,5.621740547652585,-0.008246391187114455,-0.00408038553390444,366,10,4.495123008638701,-0.02751989456594139,7-13 days,Thursday
2024-10-22,10.107529830547938,5.61258051122973,-0.009333725743347898,-0.009160036422854567,367,9,4.4949493193182075,0.04490682527991441,7-13 days,Thursday
2024-10-23,10.105611736626262,5.610277331459341,-0.0019180939216756343,-0.0023031797703891854,368,8,4.495334405166921,0.21208909858162645,7-13 days,Thursday
2024-10-24,10.105366608545614,5.605802066295998,-0.00024512808064791614,-0.004475265163343067,369,7,4.499564542249616,1.5346640571489585,7-13 days,Thursday
2024-10-25,10.094649087996757,5.6011589507576405,-0.010717520548856996,-0.004643115538357279,370,6,4.4934901372391165,-0.27864425686288874,0-6 days,Thursday
2024-10-28,10.100779820259904,5.606132893919445,0.006130732263146754,0.004973943161804328,371,3,4.494646926340459,0.05289959127407965,0-6 days,Thursday
2024-10-29,10.105325748023002,5.611630635372836,0.0045459277630985895,0.005497741453391214,372,2,4.493695112650166,-0.2730895865552342,0-6 days,Thursday
2024-10-30,10.100980932947303,5.6074551110291075,-0.00434481507569906,-0.004175524343728476,373,1,4.493525821918196,-0.2959508499159772,0-6 days,Thursday
2024-10-31,10.094271121965827,5.6017497490910495,-0.006709810981476494,-0.00570536193805804,374,0,4.492521372874777,-0.5383174600779523,0-6 days,Thursday
2024-11-04,10.089967119478747,5.592999878644562,-0.004304002487080183,-0.008749870446487229,375,24,4.496967240834184,0.9357802793049292,21+ days,Thursday
2024-11-05,10.0981081649171,5.601675918384825,0.0081410454383537,0.008676039740262986,376,23,4.496432246532275,0.6862032267665015,21+ days,Thursday
2024-11-06,10.110125634948451,5.613857767128214,0.012017470031350896,0.012181848743388457,377,22,4.4962678678202375,0.5548944326286693,21+ days,Thursday
2024-11-07,10.097546209296803,5.6011958858811,-0.012579425651647824,-0.012661881247113982,378,21,4.496350323415704,0.6377390061024873,21+ days,Thursday
2024-11-08,10.094271121965827,5.597310230145684,-0.0032750873309765893,-0.0038856557354156607,379,20,4.496960891820143,0.8274283845698663,14-20 days,Thursday
2024-11-11,10.095057874011232,5.598347882180681,0.0007867520454052368,0.0010376520349968388,380,17,4.496709991830551,0.7224903900879267,14-20 days,Thursday
2024-11-12,10.083051142968136,5.587922588561666,-0.012006731043095797,-0.010425293619015008,381,16,4.49512855440647,0.2451914546834527,14-20 days,Thursday
2024-11-13,10.072812518334297,5.577349637092148,-0.010238624633839066,-0.010572951469518088,382,15,4.495462881242149,0.36634001357567214,14-20 days,Thursday
2024-11-14,10.070371815088029,5.576403545326371,-0.0024407032462683276,-0.0009460917657770906,383,14,4.493968269761658,-0.10309820893269975,14-20 days,Thursday
2024-11-18,10.06551711231207,5.5715835272654575,-0.004854702775958231,-0.004820018060913256,384,10,4.493933585046613,-0.08492233690027001,7-13 days,Thursday
2024-11-19,10.064372648053766,5.5715835272654575,-0.0011444642583047226,0.0,385,9,4.492789120788308,-0.42253715423964266,7-13 days,Thursday
2024-11-21,10.058309435627498,5.566510762415955,-0.006063212426267839,-0.005072764849502143,386,7,4.491798673211543,-0.6783348683533191,7-13 days,Thursday
2024-11-22,10.082052060452371,5.586311890181863,0.023742624824873104,0.019801127765907367,387,6,4.495740170270508,0.5560037098397369,0-6 days,Thursday
2024-11-25,10.098256320381838,5.603372647057163,0.016204259929466502,0.017060756875300065,388,3,4.494883673324675,0.2508550764294335,0-6 days,Thursday
2024-11-26,10.094397126516617,5.600715622835498,-0.0038591938652210445,-0.0026570242216648055,389,2,4.493681503681119,-0.1065429548191034,0-6 days,Thursday
2024-11-27,10.098643067310169,5.605802066295998,0.00424594079355245,0.005086443460499801,390,1,4.492841001014171,-0.35184375471164714,0-6 days,Thursday
2024-11-28,10.082158704702936,5.592478405097527,-0.016484362607233294,-0.013323661198470838,391,0,4.489680299605409,-1.2759250960947257,0-6 days,Thursday
2024-11-29,10.098764409186941,5.597829190753394,0.016605704484005557,0.0053507856558674405,392,27,4.500935218433547,2.262399968269324,21+ days,Thursday
2024-12-02,10.103362476910984,5.603556900738151,0.00459806772404292,0.005727709984756579,393,24,4.499805576172833,1.8269821143153178,21+ days,Thursday
2024-12-03,10.107815189592698,5.609288628227767,0.004452712681713322,0.005731727489616034,394,23,4.498526561364931,1.3856574996543618,21+ days,Thursday
2024-12-04,10.108833664819757,5.610204127696635,0.0010184752270596675,0.0009154994688680418,395,22,4.498629537123122,1.39288516997617,21+ days,Thursday
2024-12-05,10.117765924007784,5.62003848122324,0.008932259188027203,0.009834353526605,396,21,4.497727442784544,1.1051520952274456,21+ days,Thursday
2024-12-06,10.117854703670842,5.620183450779887,8.87796630575366e-05,0.00014496955664711209,397,20,4.497671252890955,1.0804507640672711,14-20 days,Thursday
2024-12-09,10.114501840847744,5.617461768189674,-0.0033528628230978796,-0.0027216825902129926,398,17,4.49704007265807,0.8772804528300034,14-20 days,Thursday
2024-12-10,10.114188008640113,5.6164073951712,-0.00031383220763103736,-0.0010543730184737754,399,16,4.497780613468913,1.0953726668406907,14-20 days,Thursday
2024-12-11,10.116095801934955,5.616734733369035,0.0019077932948423637,0.0003273381978345924,400,15,4.49936106856592,1.5604983835326582,14-20 days,Thursday
2024-12-12,10.112410468210365,5.614003635409415,-0.003685333724590123,-0.002731097959619788,401,14,4.49840683280095,1.2407537923637806,14-20 days,Thursday
2024-12-13,10.121015365064702,5.621704363620594,0.00860489685433663,0.007700728211179175,402,13,4.499311001444108,1.5079488029971084,7-13 days,Thursday
2024-12-16,10.115376002153784,5.618515030676497,-0.005639362910917711,-0.0031893329440970675,403,10,4.496860971477287,0.7454552054746589,7-13 days,Thursday
2024-12-17,10.102418326120805,5.606353384880209,-0.012957676032979037,-0.012161645796288312,404,9,4.496064941240596,0.47788324161312373,7-13 days,Thursday
2024-12-18,10.096992178399015,5.601491317767735,-0.0054261477217902865,-0.0048620671124739445,405,8,4.49550086063128,0.2996565183549105,7-13 days,Thursday
2024-12-19,10.086704541644215,5.5928509139489195,-0.010287636754799934,-0.008640403818815479,406,7,4.493853627695295,-0.21301698635933528,7-13 days,Thursday
2024-12-20,10.070792759511601,5.583308321188326,-0.015911782132613794,-0.009542592760593216,407,6,4.487484438323275,-2.1327089689397316,0-6 days,Thursday
2024-12-23,10.076095417142444,5.583308321188326,0.005302657630842589,0.0,408,3,4.492787095954117,-0.43023498333322546,0-6 days,Thursday
2024-12-24,10.076267903107352,5.582330215625433,0.00017248596490837542,-0.000978105562893461,409,2,4.493937687481919,-0.05669729171248557,0-6 days,Thursday
2024-12-26,10.075285176498749,5.582819387993187,-0.0009827266086031017,0.0004891723677538096,410,0,4.492465788505562,-0.47351292254542954,0-6 days,Thursday
2024-12-27,10.086140304478914,5.586086935171916,0.010855127980164525,0.0032675471787291244,411,34,4.500053369306998,1.8218278097751488,21+ days,Thursday
2024-12-30,10.078616638748578,5.5792768932389905,-0.0075236657303356935,-0.006810041932925337,412,31,4.499339745509587,1.5388818529515222,21+ days,Thursday
2024-12-31,10.078249356267497,5.578899292509511,-0.00036728248108097716,-0.00037760072947978784,413,30,4.499350063757986,1.4931883757010875,21+ days,Thursday
2025-01-01,10.082219340479526,5.583872177983643,0.003969984212028876,0.00497288547413266,414,29,4.498347162495882,1.172262136102649,21+ days,Thursday
2025-01-02,10.096988058060406,5.598051520023959,0.014768717580880164,0.014179342040315568,415,28,4.498936538036447,1.3654963773303017,21+ days,Thursday
2025-01-03,10.08929261819497,5.594153603255688,-0.007695439865436526,-0.0038979167682713367,416,27,4.495139014939282,0.21155386609468368,21+ days,Thursday
2025-01-06,10.074461636261443,5.577841251298354,-0.014830981933526388,-0.016312351957333604,417,24,4.496620384963089,0.5906107303051344,21+ days,Thursday
2025-01-07,10.076829328174483,5.5819914176022785,0.002367691913040204,0.004150166303924507,418,23,4.494837910572205,0.07440886097683881,21+ days,Thursday
2025-01-08,10.076595965021465,5.579729825986222,-0.0002333631530184732,-0.0022615916160564353,419,22,4.496866139035243,0.6694211443710626,21+ days,Thursday
2025-01-09,10.071796810677842,5.574053367981417,-0.004799154343622547,-0.005676458004804985,420,21,4.497743442696425,0.8885408776442805,21+ days,Thursday
2025-01-10,10.065561758158898,5.573218104635084,-0.006235052518944073,-0.0008352633463326598,421,20,4.492343653523814,-0.7129183862569518,14-20 days,Thursday
2025-01-13,10.050609301491342,5.555823696489756,-0.014952456667556291,-0.017394408145328555,422,17,4.494785605001586,-0.02694242382835599,14-20 days,Thursday
2025-01-14,10.055345606303502,5.559450103766281,0.0047363048121606965,0.0036264072765250788,423,16,4.495895502537222,0.3248898861017979,14-20 days,Thursday
2025-01-15,10.055156584191648,5.559565623895792,-0.00018902211185434226,0.00011552012951110413,424,15,4.495590960295856,0.23410380973507258,14-20 days,Thursday
2025-01-16,10.060929239624858,5.564328818089423,0.005772655433210261,0.004763194193630582,425,14,4.496600421535436,0.5527714346041869,14-20 days,Thursday
2025-01-17,10.05473115375922,5.560412363997187,-0.006198085865637637,-0.003916454092235178,426,13,4.494318789762033,-0.13645628915574615,7-13 days,Thursday
2025-01-20,10.059952694784856,5.565592629222155,0.0052215410256355455,0.005180265224967506,427,10,4.494360065562701,-0.08126407744024641,7-13 days,Thursday
2025-01-21,10.047996903764105,5.5542765468038695,-0.011955791020751505,-0.011316082418285411,428,9,4.493720356960235,-0.2945909072903669,7-13 days,Thursday
2025-01-22,10.051821347041821,5.556828061699537,0.0038244432777165827,0.00255151489566785,429,8,4.494993285342284,0.11532088164451514,7-13 days,Thursday
2025-01-23,10.054791326627294,5.559103463286757,0.0029699795854725153,0.0022754015872195055,430,7,4.495687863340537,0.3377057649093379,7-13 days,Thursday
2025-01-24,10.048193773535386,5.554237837376183,-0.006597553091907571,-0.004865625910573712,431,6,4.493955936159203,-0.186214080601032,0-6 days,Thursday
2025-01-27,10.035913959889227,5.546153530452618,-0.01227981364615971,-0.008084306923564988,432,3,4.4897604294366085,-1.4264855768701892,0-6 days,Thursday
2025-01-28,10.042503564600521,5.54907608489522,0.006589604711294328,0.002922554442601921,433,2,4.493427479705301,-0.27624125000406685,0-6 days,Thursday
2025-01-29,10.05091568660256,5.558756702605943,0.008412122002038558,0.009680617710722927,434,1,4.4921589839966165,-0.5846141885791688,0-6 days,Thursday
2025-01-30,10.054017399337825,5.563370320939456,0.003101712735265494,0.0046136183335132586,435,0,4.490647078398369,-0.9827622380958446,0-6 days,Thursday
2025-01-31,10.070780070310322,5.571963900035353,0.016762670972497062,0.008593579095896864,436,27,4.498816170274969,1.5162753049498412,21+ days,Thursday
2025-02-01,10.067305637765523,5.5698700570699335,-0.0034744325447988444,-0.00209384296541959,437,26,4.49743558069559,1.0669952775461506,21+ days,Thursday
2025-02-03,10.06219924369095,5.566434283504978,-0.005106394074573473,-0.003435773564955724,438,24,4.495764960185972,0.5430057768671015,21+ days,Thursday
2025-02-04,10.077092059340009,5.580295703583139,0.014892815649059088,0.013861420078161046,439,23,4.49679635575687,0.9101612366224611,21+ days,Thursday
2025-02-05,10.075632502878522,5.580672777494092,-0.0014595564614872103,0.0003770739109532073,440,22,4.49495972538443,0.3610572035682879,21+ days,Thursday
2025-02-06,10.073335806792114,5.578143663034234,-0.0022966960864074792,-0.0025291144598584836,441,21,4.495192143757881,0.4230195762660893,21+ days,Thursday
2025-02-07,10.069595035467055,5.575380759851677,-0.0037407713250594554,-0.0027629031825568973,442,20,4.494214275615378,0.12385530583247421,14-20 days,Thursday
2025-02-10,10.062836839018653,5.568726110329361,-0.006758196448402032,-0.006654649522316092,443,17,4.494110728689292,0.0722044481773556,14-20 days,Thursday
2025-02-11,10.049320161505921,5.556055562626746,-0.013516677512731334,-0.012670547702614776,444,16,4.4932645988791755,-0.224896475605649,14-20 days,Thursday
2025-02-12,10.04897221927811,5.55508909884223,-0.00034794222781187045,-0.0009664637845157031,445,15,4.493883120435879,-0.026805895313952978,14-20 days,Thursday
2025-02-13,10.047206871548141,5.553502073407041,-0.0017653477299681697,-0.001587025435188849,446,14,4.4937047981411,-0.07176669961941058,14-20 days,Thursday
2025-02-14,10.042246818486204,5.548725829010259,-0.004960053061937586,-0.004776244396782481,447,13,4.493520989475945,-0.13165990104865233,7-13 days,Thursday
2025-02-17,10.045139012994936,5.550242719287699,0.0028921945087319045,0.0015168902774398418,448,10,4.494896293707237,0.298366970736209,7-13 days,Thursday
2025-02-18,10.04107321548869,5.5480249489877975,-0.004065797506244806,-0.0022177702999011117,449,9,4.493048266500893,-0.25099888458796926,7-13 days,Thursday
2025-02-19,10.041378179875572,5.54907608489522,0.00030496438688132343,0.0010511359074225624,450,8,4.492302094980352,-0.4431249886601796,7-13 days,Thursday
2025-02-20,10.040415046873521,5.548686904115838,-0.0009631330020507534,-0.00038918077938188134,451,7,4.491728142757683,-0.5851034960630881,7-13 days,Thursday
2025-02-21,10.034471954331547,5.542870097099746,-0.0059430925419743375,-0.00581680701609244,452,6,4.491601857231801,-0.6163621068174795,0-6 days,Thursday
2025-02-24,10.025893220677956,5.5329546115734605,-0.008578733653591186,-0.009915485526285295,453,3,4.492938609104495,-0.23211799730501465,0-6 days,Thursday
2025-02-25,10.02424394117191,5.532005131737917,-0.0016492795060454313,-0.0009494798355431655,454,2,4.492238809433993,-0.4197410001156472,0-6 days,Thursday
2025-02-27,10.023199837105583,5.531728030218024,-0.0010441040663273782,-0.00027710151989346343,455,0,4.491471806887559,-0.6178849356419345,0-6 days,Thursday
2025-02-28,10.011130461551485,5.517974848577414,-0.012069375554098372,-0.013753181640609569,456,27,4.49315561297407,-0.14431767501108647,21+ days,Thursday
2025-03-03,10.010861040804457,5.514758506802571,-0.00026942074702773766,-0.003216341774843201,457,24,4.496102534001886,0.7317637234381072,21+ days,Thursday
2025-03-04,10.00716264867208,5.511208541397895,-0.003698392132376327,-0.003549965404675781,458,23,4.495954107274185,0.6592988564746006,21+ days,Thursday
2025-03-05,10.018867703576202,5.5254529391317835,0.011705054904121326,0.014244397733888192,459,22,4.4934147644444185,-0.0377067142677092,21+ days,Thursday
2025-03-06,10.026598591364003,5.531886383345829,0.007730887787801066,0.006433444214045458,460,21,4.494712208018174,0.395986844684867,21+ days,Thursday
2025-03-07,10.027561867638054,5.53228215649383,0.0009632762740512391,0.0003957731480008775,461,20,4.495279711144224,0.5700616390117164,14-20 days,Thursday
2025-03-10,10.021275032627079,5.527999494701829,-0.006286835010975267,-0.004282661792000653,462,17,4.49327553792525,-0.05604313343077838,14-20 days,Thursday
2025-03-11,10.025262609462049,5.530618855647012,0.003987576834969531,0.0026193609451832245,463,16,4.494643753815036,0.38331056169070143,14-20 days,Thursday
2025-03-12,10.022423256947894,5.527442989539794,-0.0028393525141545695,-0.003175866107218539,464,15,4.4949802674081,0.47110085023682674,14-20 days,Thursday
2025-03-13,10.018379747068176,5.5258114405995045,-0.004043509879718243,-0.0016315489402893846,465,14,4.492568306468671,-0.2634026057022728,14-20 days,Thursday
2025-03-17,10.025386550430895,5.530420659233719,0.007006803362719083,0.004609218634214152,466,10,4.494965891197176,0.5032375311075106,7-13 days,Thursday
2025-03-18,10.039110506320842,5.545177444479562,0.013723955889947348,0.014756785245843673,467,9,4.49393306184128,0.26447349719495433,7-13 days,Thursday
2025-03-19,10.042072715821774,5.548297571815806,0.002962209500932289,0.003120127336243783,468,8,4.493775144005968,0.2406693994583845,7-13 days,Thursday
2025-03-20,10.05151955135521,5.5580628203067945,0.00944683553343495,0.009765248490988476,469,7,4.493456731048415,0.20092968094659078,7-13 days,Thursday
2025-03-21,10.059877865369163,5.565592629222155,0.008358314013953816,0.00752980891536037,470,6,4.494285236147008,0.49569447760461427,0-6 days,Thursday
2025-03-24,10.074073853111662,5.580144834198022,0.014195987742498417,0.014552204975867511,471,3,4.493929018913639,0.46122734391583103,0-6 days,Thursday
2025-03-25,10.0718369517632,5.576895624750347,-0.002236901348462439,-0.003249209447675483,472,2,4.494941327012852,0.7567593623010178,0-6 days,Thursday
2025-03-26,10.065289600135467,5.571811768288968,-0.006547351627732567,-0.005083856461379099,473,1,4.493477831846499,0.2906752300839223,0-6 days,Thursday
2025-03-27,10.068824009074161,5.575949103146316,0.003534408938694611,0.0041373348573481294,474,0,4.492874905927845,0.1351467886314419,0-6 days,Thursday
2025-03-28,10.07086466194426,5.5727242117997875,0.0020406528700984694,-0.00322489134652848,475,27,4.498140450144472,1.716975948447459,21+ days,Thursday
2025-04-01,10.056852209242422,5.5594115940907205,-0.01401245270183793,-0.013312617709066998,476,23,4.497440615151701,1.4190559587726028,21+ days,Thursday
2025-04-02,10.061985910356807,5.566816619583044,0.0051337011143850475,0.007405025492323247,477,22,4.495169290773763,0.7560876012187062,21+ days,Thursday
2025-04-03,10.057413921493298,5.564597032739382,-0.004571988863508736,-0.002219586843661858,478,21,4.492816888753916,0.04455835938549118,21+ days,Thursday
2025-04-04,10.04201394933041,5.552959584921617,-0.015399972162887465,-0.011637447817764546,479,20,4.489054364408793,-1.1349778055415942,14-20 days,Thursday
2025-04-07,10.013238416495247,5.520660597691477,-0.028775532835163986,-0.03229898723014024,480,17,4.4925778188037695,-0.1844752227966768,14-20 days,Thursday
2025-04-08,10.028067437192783,5.5331918407379455,0.014829020697536777,0.012531243046468354,481,16,4.494875596454838,0.5771931925287475,14-20 days,Thursday
2025-04-09,10.021337252637055,5.527244162617974,-0.006730184555728158,-0.0059476781199716555,482,15,4.494093090019081,0.3162274222667969,14-20 days,Thursday
2025-04-11,10.040855326828934,5.5460754786261655,0.01951807419187901,0.018831316008191656,483,13,4.494779848202769,0.6063506599514729,7-13 days,Thursday
2025-04-15,10.059144240620594,5.566051801190121,0.01828891379165931,0.019976322563955762,484,9,4.493092439430472,0.17603559678020594,7-13 days,Thursday
2025-04-16,10.062156580664855,5.566854845152132,0.003012340044261208,0.0008030439620103635,485,8,4.495301735512723,0.852162782234771,7-13 days,Thursday
2025-04-17,10.079371767366077,5.584848777242422,0.017215186701221796,0.017993932090289988,486,7,4.494522990123655,0.6782684073196142,7-13 days,Thursday
2025-04-21,10.091418348094594,5.597124821783236,0.012046580728517498,0.012276044540814546,487,3,4.494293526311358,0.6541215094049726,0-6 days,Thursday
2025-04-22,10.092660584279184,5.598236756664296,0.001242236184589629,0.0011119348810595397,488,2,4.494423827614888,0.6945478848134998,0-6 days,Thursday
2025-04-23,10.098515539639576,5.603925306283137,0.005854955360392822,0.005688549618841243,489,1,4.49459023335644,0.768207646159324,0-6 days,Thursday
2025-04-24,10.09608941873764,5.601934302012123,-0.0024261209019371677,-0.001991004271014063,490,0,4.4941551167255165,0.6285787137763602,0-6 days,Thursday
2025-04-25,10.090423446880829,5.591695684544697,-0.005665971856810614,-0.010238617467425826,491,34,4.498727762336132,1.9829515746314705,21+ days,Thursday
2025-04-28,10.104467291148616,5.605507905387861,0.014043844267787264,0.013812220843163914,492,31,4.498959385760755,2.0677267290380414,21+ days,Thursday
2025-04-29,10.103301062537954,5.6049929154923515,-0.001166228610662401,-0.0005149898955094656,493,30,4.498308147045602,1.8342992271807332,21+ days,Thursday
2025-04-30,10.101354320665545,5.603335792246684,-0.0019467418724090635,-0.001657123245667691,494,29,4.498018528418861,1.7084509207034964,21+ days,Thursday
2025-05-02,10.102207255139719,5.6056182258689695,0.0008529344741745604,0.002282433622285751,495,27,4.4965890292707495,1.2605357835231035,21+ days,Thursday
2025-05-05,10.109163428431092,5.613784825007754,0.006956173291372991,0.008166599138784925,496,24,4.495378603423338,0.8987801991409191,21+ days,Thursday
2025-05-06,10.102842382627054,5.6065370902173655,-0.006321045804037695,-0.007247734790388982,497,23,4.496305292409689,1.1286040006985496,21+ days,Thursday
2025-05-07,10.105100985299975,5.609251990809968,0.002258602672920773,0.002714900592602376,498,22,4.495848994490007,0.9697449381116052,21+ days,Thursday
2025-05-08,10.094446697725669,5.599421459331459,-0.01065428757430631,-0.009830531478509208,499,21,4.49502523839421,0.679331778438653,21+ days,Thursday
2025-05-09,10.089552095608918,5.593781579441872,-0.004894602116751301,-0.005639879889586474,500,20,4.495770516167045,0.8793434381495302,14-20 days,Thursday
2025-05-12,10.128453442382376,5.6312476234729525,0.03890134677345891,0.03746604403108034,501,17,4.497205818909424,1.3258022264697884,14-20 days,Thursday
2025-05-13,10.112406410913216,5.619712222859976,-0.01604703146916009,-0.011535400612976865,502,16,4.492694188053241,-0.09100217003258292,14-20 days,Thursday
2025-05-14,10.115893663307597,5.623295223743515,0.0034872523943807465,0.0035830008835393556,503,15,4.492598439564082,-0.12729790031098148,14-20 days,Thursday
2025-05-15,10.129626612830137,5.634503848059433,0.013732949522539784,0.011208624315917959,504,14,4.495122764770704,0.6242461594221913,14-20 days,Thursday
2025-05-16,10.129825994746858,5.635146682266063,0.00019938191672075334,0.0006428342066300274,505,13,4.494679312480795,0.4632642775448157,7-13 days,Thursday
2025-05-19,10.12523012293471,5.6335030616437844,-0.004595871812147934,-0.0016436206222785188,506,10,4.491727061290925,-0.4854192473721397,7-13 days,Thursday
2025-05-20,10.117872862176439,5.624739267315748,-0.007357260758270812,-0.008763794328036312,507,9,4.493133594860691,-0.046588748826008025,7-13 days,Thursday
2025-05-21,10.119324475334565,5.625784896501139,0.0014516131581263636,0.0010456291853913058,508,8,4.493539578833426,0.06389350148517142,7-13 days,Thursday
2025-05-22,10.113144567987614,5.621197649649782,-0.006179907346950841,-0.00458724685135703,509,7,4.491946918337832,-0.4454153976258726,7-13 days,Thursday
2025-05-23,10.122028528230421,5.628699668531845,0.00888396024280702,0.0075020188820627,510,6,4.493328859698576,-0.04491244118224767,0-6 days,Thursday
2025-05-26,10.128030124764045,5.633717600207914,0.006001596533623754,0.005017931676069232,511,3,4.494312524556131,0.22062857895953394,0-6 days,Thursday
2025-05-27,10.121015365064702,5.628699668531845,-0.007014759699343287,-0.005017931676069232,512,2,4.492315696532857,-0.44192016743397533,0-6 days,Thursday
2025-05-28,10.116576727584633,5.626865432552101,-0.004438637480069119,-0.001834235979743859,513,1,4.4897112950325315,-1.2965309077014349,0-6 days,Thursday
2025-05-29,10.119880368826799,5.631211781821365,0.0033036412421658667,0.004346349269264138,514,0,4.488668587005433,-1.65324974887801,0-6 days,Thursday
2025-05-30,10.120914796854228,5.627621113690637,0.0010344280274292572,-0.0035906681307285027,515,27,4.493293683163591,-0.12823619913969708,21+ days,Thursday
2025-06-02,10.118598932153073,5.625893002661495,-0.002315864701154524,-0.0017281110291422763,516,24,4.492705929491579,-0.317687043120538,21+ days,Thursday
2025-06-03,10.112402353599604,5.619494658133612,-0.006196578553469223,-0.006398344527882571,517,23,4.492907695465992,-0.230473309087761,21+ days,Thursday
2025-06-04,10.115367911571628,5.621849091893515,0.0029655579720238023,0.002354433759903074,518,22,4.493518819678113,-0.039200235490811766,21+ days,Thursday
2025-06-05,10.121441661958789,5.627513194198474,0.00607375038716107,0.005664102304958618,519,21,4.493928467760315,0.09558477319172269,21+ days,Thursday
2025-06-06,10.130252538532861,5.636573724962751,0.008810876574072424,0.009060530764277708,520,20,4.49367881357011,-0.0543309824803002,14-20 days,Thursday
2025-06-09,10.133805307598339,5.639599445879288,0.0035527690654770794,0.003025720916536301,521,17,4.494205861719051,0.051032350029462714,14-20 days,Thursday
2025-06-10,10.132807987564705,5.639599445879288,-0.0009973200336332866,0.0,522,16,4.4932085416854175,-0.04477974570701173,14-20 days,Thursday
2025-06-11,10.134599273499514,5.641055644747896,0.0017912859348090393,0.0014561988686079275,523,15,4.493543628751619,0.09772987331035429,14-20 days,Thursday
2025-06-12,10.122908182370203,5.630853294633443,-0.011691091129311104,-0.010202350114452585,524,14,4.49205488773676,-0.5693535023999474,14-20 days,Thursday
2025-06-13,10.11617664594648,5.625352354952385,-0.006731536423723483,-0.005500939681057915,525,13,4.4908242909940945,-1.1064833546797375,7-13 days,Thursday
2025-06-16,10.126551100650167,5.633002292595154,0.010374454703686808,0.007649937642768556,526,10,4.493548808055013,0.08856776021350908,7-13 days,Thursday
2025-06-17,10.120975138994181,5.629597576466825,-0.005575961655985395,-0.003404716128328822,527,9,4.491377562527356,-0.8674816902775397,7-13 days,Thursday
2025-06-18,10.119324475334565,5.62873560033329,-0.0016506636596158586,-0.000861976133535336,528,8,4.490588875001276,-1.1942571830703717,7-13 days,Thursday
2025-06-19,10.11759035919819,5.626829433488073,-0.0017341161363759738,-0.0019061668452167169,529,7,4.490760925710116,-1.068685777162128,7-13 days,Thursday
2025-06-20,10.130543440670253,5.640061397098348,0.012953081472064198,0.013231963610275344,530,6,4.490482043571905,-1.2273199647351751,0-6 days,Thursday
2025-06-23,10.12635106464302,5.638212310446752,-0.0041923760272339905,-0.0018490866515961102,531,3,4.488138754196267,-2.22416718825568,0-6 days,Thursday
2025-06-24,10.13006520058462,5.64119759946458,0.00371413594159975,0.00298528901782813,532,2,4.488867601120039,-1.8294420711860913,0-6 days,Thursday
2025-06-25,10.136581434703507,5.646612296041165,0.006516234118887354,0.0054146965765848876,533,1,4.4899691386623415,-1.3195083777810837,0-6 days,Thursday
2025-06-26,10.148470870454794,5.657389435086491,0.011889435751287536,0.010777139045325512,534,0,4.4910814353683035,-0.8274824445626835,0-6 days,Thursday
2025-06-27,10.156461713809012,5.66230054020126,0.007990843354217958,0.004911105114769221,535,34,4.494161173607752,0.5205424398912966,21+ days,Thursday
2025-06-30,10.151011472575716,5.6577385361547945,-0.0054502412332961825,-0.00456200404646534,536,31,4.493272936420921,0.13742465507536597,21+ days,Thursday
2025-07-01,10.15183090487208,5.659133722987319,0.0008194322963639422,0.0013951868325241534,537,30,4.492697181884761,-0.12490294356472856,21+ days,Thursday
2025-07-02,10.14800112958653,5.655607121451769,-0.003829775285549175,-0.0035266015355492897,538,29,4.492394008134761,-0.23758484343984038,21+ days,Thursday
2025-07-03,10.146472946063877,5.655222284040824,-0.0015281835226534923,-0.00038483741094541557,539,28,4.491250662023053,-0.7384544292435523,21+ days,Thursday
2025-07-04,10.14822036945148,5.657564000854586,0.0017474233876022538,0.0023417168137624955,540,27,4.490656368596893,-0.995721734205031,21+ days,Thursday
2025-07-07,10.148044198353654,5.65676074588273,-0.00017617109782541718,-0.0008032549718564042,541,24,4.491283452470924,-0.6775340219785101,21+ days,Thursday
2025-07-08,10.151245664614256,5.660039551708282,0.003201466260602359,0.003278805825551956,542,23,4.491206112905974,-0.7055319887479149,21+ days,Thursday
2025-07-09,10.148275171908208,5.657947938312402,-0.002970492706047878,-0.002091613395879932,543,22,4.490327233595806,-1.0567323836676532,21+ days,Thursday
2025-07-10,10.14305548226448,5.6536113574098374,-0.005219689643729097,-0.004336580902564613,544,21,4.489444124854642,-1.3891139477928953,21+ days,Thursday
2025-07-11,10.13491668343711,5.6458001921178536,-0.008138798827369342,-0.00781116529198389,545,20,4.4891164913192565,-1.4707631949399131,14-20 days,Thursday
2025-07-14,10.133487544646824,5.644916721789165,-0.0014291387902858332,-0.0008834703286888512,546,17,4.4885708228576595,-1.6769184782612903,14-20 days,Thursday
2025-07-15,10.137768848260794,5.648974238161206,0.0042813036139701666,0.0040575163720415475,547,16,4.488794610099588,-1.5350142904628885,14-20 days,Thursday
2025-07-16,10.136339821358936,5.647741083772576,-0.0014290269018584212,-0.00123315438862992,548,15,4.48859873758636,-1.5741494136587928,14-20 days,Thursday
2025-07-17,10.133559050115037,5.645234861030788,-0.0027807712438985277,-0.0025062227417880223,549,14,4.488324189084249,-1.6484957875366777,14-20 days,Thursday
2025-07-18,10.127710521069902,5.640487624283887,-0.005848529045135109,-0.004747236746901251,550,13,4.487222896786015,-2.0712857654866883,7-13 days,Thursday
2025-07-21,10.132203548898813,5.643643151729875,0.004493027828910812,0.0031555274459877936,551,10,4.488560397168938,-1.4366291403224887,7-13 days,Thursday
2025-07-22,10.130423902089033,5.642261618007951,-0.0017796468097799334,-0.0013815337219238444,552,9,4.488162284081082,-1.56480622125173,7-13 days,Thursday
2025-07-23,10.136775475282356,5.647423740986817,0.006351573193322579,0.005162122978865646,553,8,4.489351734295539,-1.0095785233446575,7-13 days,Thursday
2025-07-24,10.130224639360469,5.643147436118846,-0.006550835921887099,-0.004276304867970815,554,7,4.487077203241623,-1.9387749671739127,7-13 days,Thursday
2025-07-25,10.120472176534754,5.634789603169249,-0.009752462825714403,-0.008357832949596578,555,6,4.485682573365505,-2.4488846026429925,0-6 days,Thursday
2025-07-28,10.11482164589084,5.630351196570318,-0.005650530643913854,-0.004438406598930911,556,3,4.484470449320522,-2.863501126122696,0-6 days,Thursday
2025-07-29,10.120343377465149,5.634789603169249,0.005521731574308575,0.004438406598930911,557,2,4.4855537742959,-2.306482395416174,0-6 days,Thursday
2025-07-30,10.120975138994181,5.6356463788892315,0.0006317615290321044,0.0008567757199822168,558,1,4.48532876010495,-2.34857079977589,0-6 days,Thursday
2025-07-31,10.11725932560333,5.632429677877625,-0.0037158133908512525,-0.0032167010116062045,559,0,4.484829647725705,-2.473353422355351,0-6 days,Thursday
2025-08-01,10.111030037621687,5.625676778652579,-0.006229287981643239,-0.006752899225046072,560,27,4.485353258969107,-2.182185670490687,21+ days,Thursday
2025-08-04,10.118598932153073,5.631283463839962,0.007568894531386761,0.00560668518738261,561,24,4.487315468313112,-1.331476520813861,21+ days,Thursday
2025-08-05,10.11516562574106,5.62866373543926,-0.003433306412013337,-0.002619728400701682,562,23,4.4865018903018,-1.6174151722453525,21+ days,Thursday
2025-08-06,10.111720491114584,5.625460507880731,-0.0034451346264763316,-0.00320322755852942,563,22,4.486259983233853,-1.6621850826149445,21+ days,Thursday
2025-08-07,10.114995674015034,5.627045408435818,0.0032751829004507016,0.0015849005550876427,564,21,4.487950265579216,-0.9352091842279373,21+ days,Thursday
2025-08-08,10.103526230135241,5.618515030676497,-0.011469443879793317,-0.008530377759321084,565,20,4.485011199458744,-2.096232708834297,14-20 days,Thursday
2025-08-11,10.111001596962105,5.6240175061873385,0.00747536682686345,0.005502475510841265,566,17,4.486984090774766,-1.2332933923630376,14-20 days,Thursday
2025-08-12,10.10834492616302,5.622753169344119,-0.0026566707990838268,-0.0012643368432199154,567,16,4.485591756818902,-1.7490477611149962,14-20 days,Thursday
2025-08-13,10.115153487289886,5.627621113690637,0.006808561126865342,0.0048679443465182715,568,15,4.487532373599249,-0.9121061708265514,14-20 days,Thursday
2025-08-14,10.113383743764707,5.628376224206372,-0.0017697435251786686,0.000755110515735069,569,14,4.485007519558335,-1.884551436857964,14-20 days,Thursday
2025-08-18,10.125554524546747,5.638781624438787,0.012170780782039259,0.010405400232414763,570,10,4.48677290010796,-1.106937310621566,7-13 days,Thursday
2025-08-19,10.128070068044591,5.642226168957095,0.0025155434978447744,0.0034445445183086676,571,9,4.485843899087496,-1.4302653172455315,7-13 days,Thursday
2025-08-20,10.129634588870113,5.643749344540722,0.0015645208255214982,0.0015231755836264682,572,8,4.485885244329391,-1.3610003539296793,7-13 days,Thursday
2025-08-21,10.131117027034625,5.645305544897225,0.00148243816451199,0.0015562003565028348,573,7,4.4858114821374,-1.338377760907548,7-13 days,Thursday
2025-08-22,10.122382089560922,5.637785112149048,-0.008734937473702686,-0.0075204327481763755,574,6,4.484596977411874,-1.7812609570341906,0-6 days,Thursday
2025-08-25,10.126319055168212,5.641339534032982,0.003936965607289622,0.0035544218839334007,575,3,4.48497952113523,-1.5637253143536083,0-6 days,Thursday
2025-08-26,10.115691483811952,5.6316059693522265,-0.01062757135625958,-0.009733564680755258,576,2,4.484085514459726,-1.876635014571256,0-6 days,Thursday
2025-08-28,10.106550838016146,5.6241979953133585,-0.009140645795806535,-0.007407974038867948,577,0,4.482352842702787,-2.504647701559286,0-6 days,Thursday
2025-08-29,10.109468668178932,5.621631991628523,0.002917830162786572,-0.002566003684835394,578,32,4.487836676550409,-0.30023852703282417,21+ days,Thursday
2025-09-01,10.116944338260794,5.6283402794893425,0.007475670081861452,0.00670828786081934,579,29,4.488604058771451,0.03334242639463143,21+ days,Tuesday
2025-09-02,10.113870026547724,5.62618122863265,-0.0030743117130693776,-0.002159050856692879,580,28,4.487688797915075,-0.30684195288912425,21+ days,Tuesday
2025-09-03,10.119405058758598,5.630638140618198,0.005535032210874036,0.0044569119855486505,581,27,4.4887669181404,0.14017996142164052,21+ days,Tuesday
2025-09-04,10.12000922754145,5.633395775099203,0.0006041687828517439,0.002757634481004523,582,26,4.486613452442247,-0.6888276621733744,21+ days,Tuesday
2025-09-05,10.120596934815747,5.633360010359655,0.0005877072742972445,-3.5764739547694546e-05,583,25,4.487236924456092,-0.4215851510134615,21+ days,Tuesday
2025-09-08,10.122667258183863,5.6356106945528675,0.002070323368116078,0.0022506841932123933,584,22,4.487056563630996,-0.46647406003901487,21+ days,Tuesday
2025-09-09,10.125029822483365,5.637357731274959,0.002362564299501102,0.001747036722091977,585,21,4.487672091208405,-0.19652744543734332,21+ days,Tuesday
2025-09-10,10.129770171817176,5.642261618007951,0.004740349333811622,0.00490388673299158,586,20,4.487508553809225,-0.2338587872025236,14-20 days,Tuesday
2025-09-11,10.130977643943957,5.644067855328544,0.0012074721267811839,0.0018062373205927074,587,19,4.486909788615414,-0.43739988512315836,14-20 days,Tuesday
2025-09-12,10.134999986853988,5.646682882615628,0.004022342910030119,0.0026150272870841818,588,18,4.48831710423836,0.1406990138028927,14-20 days,Tuesday
2025-09-15,10.133368357503002,5.646506406836471,-0.0016316293509852642,-0.00017647577915713697,589,15,4.4868619506665315,-0.4136027835933414,14-20 days,Tuesday
2025-09-16,10.140455110443408,5.652699684426885,0.007086752940406171,0.006193277590414326,590,14,4.487755426016523,-0.027767190755264345,14-20 days,Tuesday
2025-09-17,10.143460688581014,5.656166620714538,0.0030055781376052693,0.003466936287653155,591,13,4.4872940678664754,-0.18433502665397034,7-13 days,Tuesday
2025-09-18,10.14681013088748,5.6580875153940715,0.003349442306467054,0.0019208946795332693,592,12,4.488722615493409,0.4011911631173458,7-13 days,Tuesday
2025-09-19,10.143598342680079,5.6556770759813535,-0.0032117882074018667,-0.002410439412718013,593,11,4.487921266698725,0.09379466595938661,7-13 days,Tuesday
2025-09-22,10.137575000359579,5.650557491196657,-0.006023342320499836,-0.005119584784696762,594,8,4.487017509162922,-0.24965597589289187,7-13 days,Tuesday
2025-09-23,10.136779434902152,5.650908985049133,-0.0007955654574267612,0.0003514938524764588,595,7,4.485870449853019,-0.6761490755283972,7-13 days,Tuesday
2025-09-24,10.131140919328166,5.645376223767807,-0.0056385155739864246,-0.005532761281326515,596,6,4.485764695560359,-0.6919355309227936,0-6 days,Tuesday
2025-09-25,10.1251099474784,5.639670529188956,-0.006030971849765976,-0.005705694578850284,597,5,4.4854394182894435,-0.7939862246170311,0-6 days,Tuesday
2025-09-26,10.114428959567269,5.6311042491582155,-0.010680987911131368,-0.008566280030740892,598,4,4.483324710409053,-1.5966445530369093,0-6 days,Tuesday
2025-09-29,10.11449374318999,5.631462646409561,6.478362272233085e-05,0.00035839725134589884,599,1,4.483031096780429,-1.6563331013278952,0-6 days,Tuesday
2025-09-30,10.110895953144201,5.627549168656612,-0.0035977900457897505,-0.003913477752949035,600,0,4.483346784487589,-1.4738368191094495,0-6 days,Tuesday
2025-10-01,10.125946869815612,5.636858889290626,0.01505091667141123,0.009309720634013807,601,27,4.489087980524986,0.8168362803256425,21+ days,Tuesday
2025-10-03,10.126915063529971,5.6394217154958115,0.0009681937143586339,0.0025628262051853312,602,25,4.4874933480341594,0.19056100656061511,21+ days,Tuesday
2025-10-06,10.133944297144563,5.645128825862358,0.0070292336145918455,0.005707110366546253,603,22,4.488815471282205,0.7234186970655184,21+ days,Tuesday
2025-10-07,10.135793005162721,5.647741083772576,0.001848708018158618,0.002612257910218574,604,21,4.488051921390145,0.4275235750355029,21+ days,Tuesday
2025-10-08,10.131220556184145,5.643607751620131,-0.00457244897857656,-0.00413333215244549,605,20,4.487612804564014,0.2569008578167832,14-20 days,Tuesday
2025-10-09,10.137571043888672,5.649150279003136,0.0063504877045268415,0.00554252738300498,606,19,4.488420764885536,0.5964045752642755,14-20 days,Tuesday
2025-10-10,10.143094829881003,5.653786583890511,0.005523785992330943,0.004636304887375431,607,18,4.489308245990491,0.9628846844208078,14-20 days,Tuesday
2025-10-13,10.139428862080198,5.65199783150644,-0.003665967800804637,-0.0017887523840709463,608,15,4.487431030573758,0.22062069964517125,14-20 days,Tuesday
2025-10-14,10.134202369346657,5.647741083772576,-0.005226492733541477,-0.004256747733863975,609,14,4.48646128557408,-0.15131057737245465,14-20 days,Tuesday
2025-10-15,10.143826413477388,5.655991810819852,0.00962404413073159,0.00825072704727603,610,13,4.487834602657536,0.41470880876412014,7-13 days,Tuesday
2025-10-16,10.152345633130327,5.6647297473925,0.008519219652939114,0.008737936572647875,611,12,4.487615885737827,0.34709881214053134,7-13 days,Tuesday
2025-10-17,10.156236506947794,5.670639256062947,0.003890873817466556,0.005909508670447039,612,11,4.4855972508848465,-0.4311945519245808,7-13 days,Tuesday
2025-10-20,10.163233006294886,5.676753802268282,0.006996499347092566,0.00611454620533447,613,8,4.486479204026605,-0.054040693551892165,7-13 days,Tuesday
2025-10-21,10.16068464397519,5.6754515848881395,-0.0025483623196969063,-0.0013022173801422454,614,7,4.48523305908705,-0.5265286863118578,7-13 days,Tuesday
2025-10-23,10.163926888594034,5.678806488586024,0.003242244618844481,0.0033549036978843816,615,5,4.48512040000801,-0.5403292519231697,0-6 days,Tuesday
2025-10-24,10.15866063772692,5.674010316322531,-0.005266250867114408,-0.004796172263493048,616,4,4.484650321404389,-0.7011397548975533,0-6 days,Tuesday
2025-10-27,10.167235474692278,5.681877639268151,0.008574836965358656,0.007867322945620536,617,1,4.485357835424127,-0.38530693077345507,0-6 days,Tuesday
2025-10-28,10.163333263493245,5.680684423410224,-0.003902211199033445,-0.001193215857927754,618,0,4.482648840083021,-1.4294227118128977,0-6 days,Tuesday
2025-10-29,10.175802147856787,5.685279003091641,0.012468884363542543,0.004594579681417521,619,27,4.490523144765146,1.7246960861593967,21+ days,Tuesday
2025-10-30,10.167289244947353,5.679319002477826,-0.008512902909433961,-0.005960000613814742,620,26,4.487970242469527,0.6953552696013986,21+ days,Tuesday
2025-10-31,10.162272341394647,5.674010316322531,-0.005016903552705898,-0.005308686155295561,621,25,4.488262025072117,0.8242208614903739,21+ days,Tuesday
2025-11-03,10.162168117428832,5.674353663965389,-0.00010422396581510895,0.0003433476428584825,622,22,4.487814453463443,0.6579681389186283,21+ days,Tuesday
2025-11-04,10.154063374781407,5.668466129528634,-0.008104742647425667,-0.005887534436755715,623,21,4.485597245252773,-0.19958480424226074,21+ days,Tuesday
2025-11-06,10.151823103921144,5.664521760702899,-0.002240270860262683,-0.003944368825735012,624,19,4.487301343218245,0.5161667273403397,14-20 days,Tuesday
2025-11-07,10.15063665119714,5.665388086668889,-0.0011864527240046385,0.0008663259659904554,625,18,4.48524856452825,-0.28072456556343584,14-20 days,Tuesday
2025-11-10,10.15412564103973,5.669087504859315,0.0034889898425909394,0.0036994181904255186,626,15,4.485038136180416,-0.3449754582614425,14-20 days,Tuesday
2025-11-11,10.159365441263073,5.673495073717745,0.0052398002233431384,0.004407568858430189,627,14,4.485870367545329,0.011041308033388693,14-20 days,Tuesday
2025-11-12,10.165047647592209,5.679319002477826,0.0056822063291352976,0.0058239287600816425,628,13,4.485728645114382,-0.03556679853610525,7-13 days,Tuesday
2025-11-13,10.163965423497029,5.679865394596054,-0.0010822240951799955,0.000546392118227601,629,12,4.484100028900975,-0.6706074651507129,7-13 days,Tuesday
2025-11-14,10.164774313628378,5.680172609017068,0.0008088901313492158,0.00030721442101366847,630,11,4.48460170461131,-0.4344698959036297,7-13 days,Tuesday
2025-11-17,10.168229756693423,5.6832395734248715,0.003455443065044861,0.0030669644078038516,631,8,4.484990183268551,-0.25487981691259765,7-13 days,Tuesday
2025-11-18,10.163306272159389,5.679660532535792,-0.004923484534034017,-0.0035790408890798986,632,7,4.483645739623597,-0.7589246651958828,7-13 days,Tuesday
2025-11-19,10.168847325983418,5.684871449764441,0.005541053824028808,0.005210917228649414,633,6,4.4839758762189765,-0.5999679335599281,0-6 days,Tuesday
2025-11-20,10.175002132575733,5.690190521136734,0.006154806592315154,0.005319071372293038,634,5,4.484811611438999,-0.23653304048529658,0-6 days,Tuesday
2025-11-21,10.168540506927547,5.684701586843409,-0.006461625648185532,-0.005488934293325087,635,4,4.483838920084138,-0.5829158381236306,0-6 days,Tuesday
2025-11-24,10.164604886062108,5.680582081485765,-0.003935620865439304,-0.004119505357643938,636,1,4.484022804576343,-0.4524796890875765,0-6 days,Tuesday
2025-11-25,10.161380296177157,5.679489782087156,-0.0032245898849510013,-0.001092299398608887,637,0,4.481890514090001,-1.2955807165916002,0-6 days,Tuesday
2025-11-26,10.18074042949737,5.69093361378729,0.01936013332021247,0.011443831700133522,638,34,4.48980681571008,2.017659017792792,21+ days,Tuesday
2025-11-27,10.180929877257716,5.692384429703832,0.00018944776034679478,0.0014508159165425027,639,33,4.488545447553884,1.4717573110578357,21+ days,Tuesday
2025-11-28,10.180967762503313,5.691912302085713,3.788524559666939e-05,-0.0004721276181189893,640,32,4.4890554604176,1.6944127585412634,21+ days,Tuesday
2025-12-01,10.17865413191749,5.6913387044318595,-0.002313630585822679,-0.0005735976538536747,641,29,4.487315427485631,0.9792561701902933,21+ days,Tuesday
2025-12-02,10.17458282138351,5.686839753925889,-0.004071310533980466,-0.004498950505970711,642,28,4.487743067457621,1.2431684333036161,21+ days,Tuesday
2025-12-03,10.171325271821217,5.683783828149511,-0.0032575495622921835,-0.0030559257763780323,643,27,4.487541443671707,1.1745841984028393,21+ days,Tuesday
2025-12-04,10.172945825686629,5.684905418886512,0.0016205538654112672,0.0011215907370010214,644,26,4.488040406800117,1.3816882981408767,21+ days,Tuesday
2025-12-05,10.178692103476797,5.69035945432406,0.0057462777901680084,0.005454035437548299,645,25,4.488332649152737,1.46954284456541,21+ days,Tuesday
2025-12-08,10.167773047181512,5.681025487533585,-0.010919056295284335,-0.009333966790475046,646,22,4.486747559647927,0.8483745474993497,21+ days,Tuesday
2025-12-09,10.164277501495944,5.678122727875623,-0.0034955456855687572,-0.0029027596579620507,647,21,4.486154773620321,0.6278523246583475,21+ days,Tuesday
2025-12-10,10.160259284830321,5.675383000134503,-0.0040182166656226315,-0.0027397277411198573,648,20,4.484876284695818,0.12057729516423824,14-20 days,Tuesday
2025-12-11,10.166174841748585,5.680274992854161,0.005915556918264286,0.004891992719658234,649,19,4.485899848894424,0.5510322319383235,14-20 days,Tuesday
2025-12-12,10.17152798473262,5.686466752446513,0.0053531429840347755,0.006191759592351964,650,18,4.485061232286107,0.1708576207431338,14-20 days,Tuesday
2025-12-15,10.169817022099938,5.685346912500516,-0.0017109626326821115,-0.0011198399459972919,651,15,4.484470109599422,-0.05403503963839255,14-20 days,Tuesday
2025-12-16,10.163236862526846,5.678943184642556,-0.006580159573092104,-0.006403727857960284,652,14,4.48429367788429,-0.06269082053198811,14-20 days,Tuesday
2025-12-17,10.162496193190258,5.676411277860069,-0.0007406693365883399,-0.0025319067824867147,653,13,4.4860849153301885,0.7330341697705952,7-13 days,Tuesday
2025-12-18,10.161303025381615,5.676616806583431,-0.0011931678086423148,0.00020552872336221384,654,12,4.484686218798184,0.15642897662518654,7-13 days,Tuesday
2025-12-19,10.167389096322506,5.681877639268151,0.006086070940890309,0.005260832684720107,655,11,4.485511457054354,0.5034515971569953,7-13 days,Tuesday
2025-12-22,10.173591022713616,5.689277788453319,0.006201926391110391,0.007400149185167848,656,8,4.484313234260297,-0.031070088103252843,7-13 days,Tuesday
2025-12-23,10.173365823707357,5.689176322266839,-0.00022519900625894707,-0.0001014661864804367,657,7,4.484189501440518,-0.04360902758505656,7-13 days,Tuesday
2025-12-24,10.172143521119358,5.688804191475488,-0.0012223025879993799,-0.0003721307913506777,658,6,4.4833393296438695,-0.35244739330854047,0-6 days,Tuesday
2025-12-26,10.168080101762877,5.685109209390579,-0.00406341935648058,-0.0036949820849088155,659,4,4.482970892372298,-0.4288155894212707,0-6 days,Tuesday
2025-12-29,10.16414266492729,5.68140052376307,-0.003937436835586894,-0.003708685627509034,660,1,4.48274214116422,-0.43971900678800263,0-6 days,Tuesday
2025-12-30,10.163441221543936,5.681877639268151,-0.0007014433833543166,0.000477115505081116,661,0,4.481563582275784,-0.9216571065542113,0-6 days,Tuesday
2025-12-31,10.177324218165856,5.687924058721743,0.01388299662191983,0.006046419453591412,662,27,4.489400159444113,2.622787904988101,21+ days,Tuesday
2026-01-01,10.17709605525655,5.688262662998164,-0.000228162909305496,0.0003386042764210728,663,26,4.488833392258386,2.310975277810962,21+ days,Tuesday
2026-01-02,10.184069478497602,5.696388540102489,0.006973423241051435,0.008125877104324886,664,25,4.487680938395113,1.6718929784867365,21+ days,Tuesday
2026-01-05,10.178426272278042,5.6917098934219315,-0.0056432062195597155,-0.004678646680557286,665,22,4.48671637885611,1.2812019442975837,21+ days,Tuesday
2026-01-06,10.176746104322184,5.690663462163048,-0.00168016795585757,-0.0010464312588833735,666,21,4.486082642159136,1.0081466134633619,21+ days,Tuesday
2026-01-07,10.174853487815472,5.689514502858496,-0.0018926165067121303,-0.0011489593045519442,667,20,4.485338984956976,0.7133026172917436,14-20 days,Tuesday
2026-01-08,10.164508607609344,5.680172609017068,-0.010344880206128337,-0.009341893841428472,668,19,4.484335998592276,0.38255460861629714,14-20 days,Tuesday
2026-01-09,10.158672259395132,5.673804251136515,-0.00583634821421164,-0.0063683578805528995,669,18,4.484868008258617,0.7223606721603633,14-20 days,Tuesday
2026-01-12,10.161148465875899,5.676753802268282,0.0024762064807664075,0.002949551131766981,670,15,4.484394663607617,0.493582836291911,14-20 days,Tuesday
2026-01-13,10.157354276493178,5.67414766952651,-0.0037941893827202477,-0.002606132741771461,671,14,4.483206606966668,0.004305037398957239,14-20 days,Tuesday
2026-01-14,10.155230222441832,5.6736668507515775,-0.0021240540513467465,-0.0004808187749327786,672,13,4.481563371690254,-0.6684115328664584,7-13 days,Tuesday
2026-01-16,10.156193789579486,5.672979565501156,0.000963567137654664,-0.0006872852504216098,673,11,4.48321422407833,0.12812035453711013,7-13 days,Tuesday
2026-01-19,10.149347130134071,5.667602467201444,-0.006846659445415071,-0.005377098299711669,674,8,4.481744662932627,-0.44193743137407365,7-13 days,Tuesday
2026-01-20,10.137278221594098,5.659482215759621,-0.012068908539973222,-0.008120251441822823,675,7,4.477796005834477,-2.0721976082122286,7-13 days,Tuesday
2026-01-21,10.134122969608633,5.653576308428883,-0.0031552519854649574,-0.005905907330738813,676,6,4.48054666117975,-0.6719679614149636,0-6 days,Tuesday
2026-01-22,10.141460601296336,5.658854841301066,0.007337631687702739,0.0052785328721833835,677,5,4.48260575999527,0.24129739392666846,0-6 days,Tuesday
2026-01-23,10.129825994746858,5.648974238161206,-0.011634606549478121,-0.009880603139859723,678,4,4.480851756585651,-0.3828380849160765,0-6 days,Tuesday
2026-01-27,10.133566994851451,5.655607121451769,0.0037410001045934393,0.0066328832905631074,679,0,4.477959873399682,-1.6985030702837924,0-6 days,Tuesday
2026-01-28,10.144471021978669,5.6585758818181215,0.01090402712721783,0.0029687603663521855,680,27,4.485895140160547,1.876478331465375,21+ days,Tuesday
2026-01-29,10.147922817984627,5.66118807702378,0.00345179600595813,0.002612195205658807,681,26,4.486734740960847,2.174772857732724,21+ days,Tuesday
2026-01-30,10.143468555040005,5.65861075600948,-0.00445426294462159,-0.0025773210143000824,682,25,4.484857799030525,1.3413969937260584,21+ days,Tuesday
2026-02-01,10.118598932153073,5.643218267681419,-0.024869622886932063,-0.01539248832806095,683,23,4.475380664471654,-2.6530284096488206,21+ days,Tuesday
2026-02-02,10.132581365876835,5.6507332535663855,0.01398243372376129,0.00751498588496613,684,22,4.481848112310449,0.2480174550283518,21+ days,Tuesday
2026-02-03,10.15902471916124,5.674010316322531,0.026443353284404836,0.023277062756145384,685,21,4.485014402838709,1.3941574879011382,21+ days,Tuesday
2026-02-04,10.159365441263073,5.674353663965389,0.0003407221018338902,0.0003433476428584825,686,20,4.485011777297684,1.4208774080137585,14-20 days,Tuesday
2026-02-05,10.154942526495583,5.671259282950641,-0.004422914767490127,-0.0030943810147485706,687,19,4.4836832435449425,0.8566015623136632,14-20 days,Tuesday
2026-02-06,10.155342945580319,5.672635745659364,0.00040041908473575916,0.0013764627087233805,688,18,4.482707199920955,0.41495267340391484,14-20 days,Tuesday
2026-02-09,10.162345677674331,5.678122727875623,0.007002732094012032,0.005486982216258873,689,15,4.484222949798708,1.0422158920701106,14-20 days,Tuesday
2026-02-10,10.164693454052538,5.681195975983405,0.0023477763782064898,0.0030732481077819784,690,14,4.483497478069133,0.6933344787953241,14-20 days,Tuesday
2026-02-11,10.1654555846678,5.68320554766737,0.0007621306152625351,0.0020095716839652056,691,13,4.48225003700043,0.1446184378049588,7-13 days,Tuesday
2026-02-12,10.160065879936575,5.678122727875623,-0.005389704731225464,-0.005082819791747184,692,12,4.481943152060952,0.09407956184548781,7-13 days,Tuesday
2026-02-13,10.145876713295777,5.665872901582981,-0.014189166640797168,-0.012249826292642041,693,11,4.4800038117127965,-0.5916972951060397,7-13 days,Tuesday
2026-02-16,10.155335171978694,5.6729451888360325,0.00945845868291606,0.007072287253051535,694,8,4.482389983142661,0.4303689744355815,7-13 days,Tuesday
2026-02-17,10.155665496768686,5.675691594489676,0.00033032478999217574,0.002746405653643258,695,7,4.47997390227901,-0.6373271823378995,7-13 days,Tuesday
2026-02-18,10.159098293987839,5.676959260612326,0.0034327972191530165,0.0012676661226498354,696,6,4.482139033375513,0.34824471871048696,0-6 days,Tuesday
2026-02-19,10.142898076314209,5.663307642090483,-0.01620021767362978,-0.013651618521842934,697,5,4.479590434223726,-0.6004959530168553,0-6 days,Tuesday
2026-02-20,10.149491795595443,5.666703466414781,0.0065937192812342005,0.003395824324297969,698,4,4.4827883291806625,0.8182443408206731,0-6 days,Tuesday
2026-02-23,10.154285180632154,5.671259282950641,0.0047933850367112285,0.004555816535860124,699,1,4.483025897681514,0.8821714914087645,0-6 days,Tuesday
2026-02-24,10.14342528874975,5.662960480135946,-0.010859891882404327,-0.008298802814694639,700,0,4.480464808613804,-0.1464169778325331,0-6 days,Tuesday
2026-02-25,10.151351033140775,5.665041646339771,0.007925744391025447,0.0020811662038244805,701,33,4.486309386801005,2.443111345792473,21+ days,Tuesday
2026-02-26,10.1517138842178,5.665214881506943,0.00036285107702482833,0.0001732351671721588,702,32,4.4864990027108576,2.474666532761152,21+ days,Tuesday
2026-02-27,10.139961853258981,5.6558869102130815,-0.011752030958819049,-0.009327971293861204,703,31,4.4840749430459,1.4476401483426173,21+ days,Tuesday
2026-03-02,10.12615098861346,5.641907070938114,-0.013810864645520837,-0.01397983927496771,704,28,4.484243917675347,1.6040762395553503,21+ days,Tuesday
2026-03-04,10.10961921880797,5.626541394312754,-0.01653176980549098,-0.015365676625360258,705,26,4.483077824495216,1.1547632247773871,21+ days,Tuesday
2026-03-05,10.119848151553505,5.636181491186394,0.010228932745535602,0.009640096873640758,706,25,4.483666660367111,1.3020550854772035,21+ days,Tuesday
2026-03-06,10.108882525550397,5.6283402794893425,-0.010965626003107687,-0.007841211697051875,707,24,4.480542246061055,-0.04342039343317892,21+ days,Tuesday
2026-03-09,10.089635114163611,5.608372289851543,-0.019247411386785984,-0.019967989637799555,708,21,4.4812628243120685,0.4195277737379778,21+ days,Tuesday
2026-03-10,10.102547405833853,5.617861412148562,0.012912291670241771,0.009489122297019037,709,20,4.484685993685291,1.8680452792584323,14-20 days,Tuesday
2026-03-11,10.082386592528753,5.599976305930612,-0.020160813305100334,-0.017885106217949698,710,19,4.482410286598141,0.8781700497746762,14-20 days,Tuesday
2026-03-12,10.074284623478128,5.591248140435486,-0.008101969050624547,-0.00872816549512656,711,18,4.483036483042643,1.146670945572818,14-20 days,Tuesday
2026-03-13,10.05298456368204,5.575949103146316,-0.021300059796088178,-0.015299037289169704,712,17,4.477035460535724,-1.4157783204389296,14-20 days,Tuesday
2026-03-16,10.060063859578225,5.5796920894251505,0.007079295896184945,0.0037429862788345147,713,14,4.4803717701530745,0.128063552730228,14-20 days,Tuesday
2026-03-17,10.069573861362983,5.58799744166249,0.009510001784757804,0.008305352237339747,714,13,4.481576419700493,0.6268142998572779,7-13 days,Tuesday
2026-03-18,10.07638988741359,5.59508305773286,0.006816026050607604,0.007085616070369838,715,12,4.48130682968073,0.4779691486835764,7-13 days,Tuesday
2026-03-19,10.048665238046953,5.569831946587641,-0.027724649366637877,-0.025251111145219163,716,11,4.478833291459312,-0.5052187413268185,7-13 days,Tuesday
2026-03-20,10.049447637979663,5.570251082031678,0.0007823999327101205,0.0004191354440372663,717,10,4.4791965559479845,-0.27518560298275674,7-13 days,Tuesday
2026-03-23,10.02109723983522,5.544356795339151,-0.02835039814444329,-0.02589428669252758,718,7,4.476740444496069,-1.1712836451060342,7-13 days,Tuesday
2026-03-24,10.04223593795767,5.566434283504978,0.02113869812245106,0.02207748816582722,719,6,4.475801654452693,-1.53606568545701,0-6 days,Tuesday
2026-03-25,10.056852209242422,5.575949103146316,0.014616271284751292,0.009514819641338157,720,5,4.480903106096106,0.6982882704024316,0-6 days,Tuesday
2026-03-27,10.034590373566477,5.558564005813748,-0.022261835675944752,-0.017385097332567767,721,3,4.476026367752729,-1.2842226002479153,0-6 days,Tuesday
2026-03-30,10.013686344834204,5.542282633554545,-0.02090402873227326,-0.01628137225920323,722,0,4.471403711279659,-3.0216771765391526,0-6 days,Tuesday
2026-04-01,10.035743131656599,5.552920824480519,0.02205678682239487,0.010638190925973845,723,27,4.48282230717608,1.9356702301826223,21+ days,Tuesday
2026-04-02,10.033778701235699,5.55288206253699,-0.0019644304208998875,-3.8761943528697884e-05,724,26,4.480896638698709,1.0323846867703392,21+ days,Tuesday
2026-04-06,10.045429725176739,5.561450566078405,0.011651023941039895,0.00856850354141514,725,22,4.483979159098333,2.205165216150835,21+ days,Tuesday
2026-04-07,10.05039779785075,5.566969513093012,0.004968072674010671,0.0055189470146066455,726,21,4.483428284757737,1.8709225450612725,21+ days,Tuesday
2026-04-08,10.089344519064321,5.6057653009142765,0.03894672121357168,0.03879578782126458,727,20,4.4835792181500445,1.6952757885504406,14-20 days,Tuesday
2026-04-09,10.079971268917372,5.597310230145684,-0.009373250146948564,-0.008455070768592421,728,19,4.482661038771688,1.335300343462799,14-20 days,Tuesday
2026-04-10,10.090224347803492,5.606353384880209,0.010253078886119482,0.009043154734524883,729,18,4.483870962923283,1.7650093005513798,14-20 days,Tuesday
2026-04-13,10.079539496316487,5.595974522021896,-0.01068485148700482,-0.01037886285831302,730,15,4.483564974294591,1.6497884552950204,14-20 days,Tuesday
2026-04-15,10.095140436758967,5.612032616046633,0.015600940442480393,0.016058094024737457,731,13,4.483107820712334,1.3782132810672325,7-13 days,Tuesday
2026-04-16,10.093487885257083,5.612397912854348,-0.0016525515018841475,0.0003652968077147989,732,12,4.481089972402735,0.5589175321161437,7-13 days,Tuesday
2026-04-17,10.101928491209966,5.62040086571715,0.008440605952882763,0.008002952862801394,733,11,4.4815276254928165,0.7212964794281069,7-13 days,Tuesday
2026-04-20,10.09872533459663,5.6164073951712,-0.0032031566133365885,-0.003993470545949229,734,8,4.482317939425429,1.0626635532472608,7-13 days,Tuesday
2026-04-21,10.109899914854642,5.626145204929048,0.011174580258012767,0.00973780975784777,735,7,4.483754709925594,1.6036624289223835,7-13 days,Tuesday
2026-04-22,10.101723468144153,5.619458392743483,-0.008176446710489671,-0.006686812185565216,736,6,4.48226507540067,1.01777727076127,0-6 days,Tuesday
2026-04-23,10.092701965587253,5.612397912854348,-0.009021502556899819,-0.007060479889134719,737,5,4.4803040527329046,0.25926868835241845,0-6 days,Tuesday
2026-04-24,10.082888180902419,5.603372647057163,-0.009813784684833848,-0.009025265797185433,738,4,4.479515533845256,-0.008667668380224479,0-6 days,Tuesday
2026-04-27,10.091211158619078,5.6084456278296475,0.008322977716659352,0.0050729807724847475,739,1,4.482765530789431,1.2923911862504807,0-6 days,Tuesday
2026-04-28,10.085563245774782,5.605066501717044,-0.005647912844295888,-0.003379126112603714,740,0,4.480496744057739,0.38893330099181334,0-6 days,Tuesday
2026-04-29,10.095429352707074,5.60947179518496,0.009866106932291174,0.0044052934679159605,741,27,4.485957557522114,2.5616103990459234,21+ days,Tuesday
2026-04-30,10.091459780838896,5.607968834803799,-0.003969571868177368,-0.0015029603811607117,742,26,4.483490946035097,1.548429346884209,21+ days,Tuesday
2026-05-04,10.093694603604073,5.610204127696635,0.002234822765176503,0.0022352928928359717,743,22,4.483490475907438,1.5347830343394957,21+ days,Tuesday
2026-05-05,10.091186292997042,5.607601916182232,-0.002508310607030495,-0.0026022115144028746,744,21,4.48358437681481,1.5772246860407202,21+ days,Tuesday
2026-05-06,10.105072375510929,5.61985723971844,0.013886082513886677,0.012255323536208174,745,20,4.4852151357924885,2.1823084466785247,14-20 days,Tuesday
2026-05-07,10.102543308321248,5.618224586294555,-0.0025290671896804895,-0.0016326534238855217,746,19,4.484318722026694,1.7930972940933652,14-20 days,Tuesday
2026-05-08,10.09529315987432,5.6131281063880705,-0.007250148446928506,-0.005096479906484319,747,18,4.482165053486249,0.9178832636552345,14-20 days,Tuesday
2026-05-11,10.079958695651907,5.59879226079857,-0.015334464222412691,-0.014335845589500629,748,15,4.481166434853337,0.5781113030844431,14-20 days,Tuesday
2026-05-12,10.063478288845069,5.581727828648895,-0.016480406806838488,-0.01706443214967468,749,14,4.4817504601961735,0.9088357552466314,14-20 days,Tuesday
2026-05-13,10.063946862472948,5.582066715972105,0.0004685736278791097,0.0003388873232097467,750,13,4.481880146500843,0.9620448396040234,7-13 days,Tuesday
2026-05-14,10.074874544277304,5.592739175862877,0.010927681804355771,0.010672459890772146,751,12,4.4821353684144265,1.0177569228168062,7-13 days,Tuesday
2026-05-15,10.071456603105682,5.59053911904185,-0.003417941171621308,-0.0022000568210271965,752,11,4.480917484063832,0.5142423692782258,7-13 days,Tuesday
2026-05-18,10.071498871212288,5.589866950526307,4.2268106605902744e-05,-0.0006721685155426371,753,8,4.481631920685981,0.822353172163126,7-13 days,Tuesday
2026-05-19,10.069213832980386,5.5902404332570725,-0.002285038231901737,0.0003734827307653177,754,7,4.478973399723314,-0.2965194854998764,7-13 days,Tuesday
2026-05-20,10.073019334401689,5.591732970847578,0.0038055014213025373,0.0014925375905052718,755,6,4.481286363554111,0.6851412683756836,0-6 days,Tuesday
2026-05-21,10.070483943227337,5.591285443429055,-0.002535391174351531,-0.00044752741852249756,756,5,4.479198499798282,-0.1976271915315729,0-6 days,Tuesday
2026-05-22,10.076600170244772,5.596568390349052,0.006116227017434639,0.005282946919996867,757,4,4.48003177989572,0.1452553756937751,0-6 days,Tuesday
2026-05-25,10.090589332503072,5.607638614103299,0.013989162258299714,0.011070223754246378,758,1,4.482950718399773,1.3297970897793634,0-6 days,Tuesday
2026-05-26,10.082102247398756,5.602377090108358,-0.008487085104315284,-0.005261523994940731,759,0,4.479725157290399,-0.02003857373875384,0-6 days,Tuesday
2026-05-27,10.085850775128717,5.602524642581974,0.0037485277299609265,0.00014755247361630808,760,34,4.483326132546743,1.5226901992996662,21+ days,Tuesday
2026-05-29,10.075101992186395,5.591919381510808,-0.010748782942322066,-0.010605261071166439,761,32,4.483182610675588,1.5064645497349742,21+ days,Tuesday
2026-06-01,10.063047859623786,5.583496308781699,-0.012054132562608899,-0.008423072729108583,762,29,4.479551550842087,-0.003999782048183699,21+ days,Tuesday
2026-06-02,10.069247723530857,5.584811233363008,0.006199863907070835,0.001314924581309107,763,28,4.484436490167849,2.079280214421112,21+ days,Tuesday
2026-06-03,10.064313048985197,5.580861261143694,-0.0049346745456606556,-0.003949972219314368,764,27,4.483451787841503,1.6409570404771328,21+ days,Tuesday
2026-06-04,10.065903976780419,5.583195511667084,0.0015909277952221856,0.002334250523389869,765,26,4.482708465113335,1.2899456718739306,21+ days,Tuesday
2026-06-05,10.06219924369095,5.5819914176022785,-0.003704733089469059,-0.0012040940648052612,766,25,4.480207826088671,0.2314601062357215,21+ days,Tuesday
2026-06-08,10.04965934265675,5.570174888652846,-0.01253990103420044,-0.011816528949432303,767,22,4.479484454003903,0.0006649418582130275,21+ days,Tuesday
2026-06-09,10.058223775185438,5.5761384791529425,0.008564432528688215,0.005963590500096316,768,21,4.482085296032495,1.0825687136426299,21+ days,Tuesday
2026-06-10,10.053458079112422,5.572344128176816,-0.004765696073015135,-0.0037943509761264593,769,20,4.481113950935606,0.6858985641233876,14-20 days,Tuesday
2026-06-11,10.053109421333716,5.571925869268458,-0.0003486577787068512,-0.00041825890835767154,770,19,4.481183552065257,0.7191350905548948,14-20 days,Tuesday
2026-06-12,10.073858821562332,5.591360045241914,0.02074940022861682,0.01943417597345576,771,18,4.482498776320418,1.160770611712171,14-20 days,Tuesday
2026-06-15,10.082888180902419,5.601011196620256,0.009029359340086529,0.009651151378341716,772,15,4.481876984282163,0.8210352803898499,14-20 days,Tuesday
2026-06-16,10.086100733470296,5.604551284394344,0.003212552567877225,0.0035400877740885406,773,14,4.481549449075952,0.6499883831776085,14-20 days,Tuesday
2026-06-17,10.089547944500259,5.60947179518496,0.0034472110299628156,0.0049205107906153955,774,13,4.480076149315299,-0.030902633932171613,7-13 days,Tuesday
2026-06-18,10.094355815298549,5.61349300330874,0.004807870798289926,0.004021208123780262,775,12,4.480862811989809,0.2909306446605758,7-13 days,Tuesday
2026-06-19,10.089012306943829,5.610130918574746,-0.005343508354719972,-0.0033620847339941307,776,11,4.478881388369083,-0.5517466778648286,7-13 days,Tuesday
2026-06-22,10.09089614837864,5.611959540669349,0.0018838414348110177,0.001828622094603105,777,8,4.478936607709291,-0.5383902548721938,7-13 days,Tuesday
2026-06-23,10.077860939480908,5.600382997867079,-0.013035208897731465,-0.011576542802269607,778,7,4.477477941613829,-1.085178753405046,7-13 days,Tuesday
2026-06-24,10.088085682636121,5.608518960429688,0.010224743155212934,0.008135962562608512,779,6,4.4795667222064335,-0.19579993068927393,0-6 days,Tuesday
2026-06-25,10.090174566839723,5.611484420509835,0.0020888842036015376,0.0029654600801469755,780,5,4.478690146329888,-0.6001403798211549,0-6 days,Tuesday
2026-06-29,10.084917044892224,5.607418406373117,-0.005257521947498844,-0.004066014136717477,781,1,4.477498638519107,-1.080478580788641,0-6 days,Tuesday
2026-06-30,10.080138897352576,5.607381700369847,-0.004778147539648003,-3.670600327065898e-05,782,0,4.472757196982729,-3.1487402117571923,0-6 days,Tuesday
2026-07-01,10.089302998584339,5.608922193632241,0.0091641012317627,0.001540493262393916,783,27,4.480380804952098,0.27913659546504815,21+ days,Tuesday
2026-07-02,10.096975696942712,5.614222397943558,0.007672698358373253,0.00530020431131728,784,26,4.482753298999154,1.274694877687982,21+ days,Tuesday
2026-07-03,10.100508869838068,5.62040086571715,0.0035331728953558184,0.006178467773591656,785,25,4.480108004120918,0.05770312064453518,21+ days,Tuesday
2026-07-06,10.1056076516506,5.62564073677191,0.005098781812531428,0.0052398710547603145,786,22,4.479966914878689,-0.054338028536276735,21+ days,Tuesday
2026-07-07,10.102748163387005,5.623114571588746,-0.0028594882635939456,-0.00252616518316362,787,21,4.479633591798259,-0.18521571295820385,21+ days,Tuesday
2026-07-08,10.081324066545408,5.604698516432302,-0.021424096841597517,-0.018416055156444067,788,20,4.476625550113106,-1.371738373246905,14-20 days,Tuesday
2026-07-09,10.08601742096504,5.609288628227767,0.004693354419632811,0.0045901117954647574,789,19,4.476728792737274,-1.348600464403518,14-20 days,Tuesday
2026-07-10,10.096167772645787,5.617825087478658,0.010150351680746184,0.008536459250890971,790,18,4.478342685167129,-0.6765526569832447,14-20 days,Tuesday
2026-07-13,10.09608941873764,5.617316403505768,-7.835390814747711e-05,-0.000508683972889834,791,15,4.478773015231871,-0.4644476431338209,14-20 days,Tuesday
2026-07-14,10.086725356114435,5.611118789792782,-0.009364062623204106,-0.006197613712986438,792,14,4.4756065663216535,-1.828425267533138,14-20 days,Tuesday
2026-07-15,10.088929236666326,5.612032616046633,0.002203880551890691,0.0009138262538517239,793,13,4.4768966206196925,-1.2202892760255428,7-13 days,Tuesday
2026-07-16,10.089967119478747,5.613784825007754,0.0010378828124206763,0.001752208961121049,794,12,4.476182294470992,-1.5311219268656744,7-13 days,Tuesday
2026-07-17,10.100040691576806,5.622572419230658,0.010073572098059813,0.00878759422290365,795,11,4.477468272346148,-0.9965469621454368,7-13 days,Tuesday
2026-07-20,10.096955094740336,5.619277046062537,-0.0030855968364704722,-0.0032953731681208964,796,8,4.477678048677799,-0.847500924560807,7-13 days,Tuesday
2026-07-21,10.093487885257083,5.61742542899967,-0.0034672094832526312,-0.0018516170628668505,797,7,4.476062456257413,-1.5270513729289814,7-13 days,Tuesday
2026-07-22,10.08510886421569,5.6110822193672805,-0.008379021041394097,-0.006343209632389879,798,6,4.474026644848409,-2.3347254859489044,0-6 days,Tuesday
2026-07-23,10.081047792228372,5.606500351849647,-0.004061071987317533,-0.004581867517633675,799,5,4.474547440378725,-1.9938898546261414,0-6 days,Tuesday
2026-07-24,10.078738336899546,5.603888471835558,-0.002309455328825649,-0.002611880014089074,800,4,4.474849865063988,-1.7810497615564713,0-6 days,Tuesday
2026-07-27,10.087453589763964,5.612032616046633,0.008715252864417877,0.008144144211075677,801,1,4.4754209737173305,-1.5494678380335432,0-6 days,Tuesday
2026-07-28,10.08510886421569,5.612434435196896,-0.0023447255482746954,0.0004018191502623836,802,0,4.472674429018793,-2.6968488861736106,0-6 days,Tuesday
2026-07-29,10.098371537236545,5.618950539139504,0.013262673020856042,0.0065161039426078204,803,27,4.479420998097042,0.21349400588906112,21+ days,Tuesday
2026-07-30,10.100586878242487,5.622029972783942,0.0022153410059413403,0.00307943364443819,804,26,4.478556905458545,-0.17719183205442765,21+ days,Tuesday
2026-07-31,10.103567164251785,5.6252802465012435,0.0029802860092988936,0.0032502737173016882,805,25,4.478286917750542,-0.30079651632716253,21+ days,Tuesday
2026-08-03,10.112369894498068,5.634753888245765,0.008802730246282309,0.009473641744521366,806,22,4.477616006252303,-0.6386464072961942,21+ days,Tuesday
2026-08-04,10.10911865209904,5.630494678886369,-0.003251242399027632,-0.0042592093593958325,807,21,4.478623973212671,-0.1316509998090873,21+ days,Tuesday
2026-08-05,10.112532179470836,5.634789603169249,0.003413527371796121,0.0042949242828802525,808,20,4.477742576301587,-0.5165228687932434,14-20 days,Tuesday
2026-08-06,10.116378727385987,5.636573724962751,0.003846547915150822,0.0017841217935021803,809,19,4.479805002423236,0.3893585865836751,14-20 days,Tuesday
2026-08-07,10.112763390062122,5.633717600207914,-0.0036153373238647646,-0.002856124754837097,810,18,4.479045789854208,0.10757893614441026,14-20 days,Tuesday
